iso3c,year,fh_ipolity2
AFG,2000,0.75
AFG,2001,0.3988471031188965
AFG,2002,2.0373072624206543
AFG,2003,2.0373072624206543
AFG,2004,2.8565375804901123
AFG,2005,3.675767660140991
AFG,2006,3.675767660140991
AFG,2007,3.675767660140991
AFG,2008,2.8565375804901123
AFG,2009,2.0373072624206543
AFG,2010,2.0373072624206543
AFG,2011,2.0373072624206543
AFG,2012,2.0373072624206543
AFG,2013,2.0373072624206543
AFG,2014,3.0833332538604736
AFG,2015,3.0833332538604736
AFG,2016,3.0833332538604736
AFG,2017,2.8565375804901123
AGO,2000,2.5833332538604736
AGO,2001,2.5833332538604736
AGO,2002,3.25
AGO,2003,3.25
AGO,2004,3.25
AGO,2005,3.25
AGO,2006,3.25
AGO,2007,3.25
AGO,2008,3.25
AGO,2009,3.25
AGO,2010,3.25
AGO,2011,3.25
AGO,2012,3.25
AGO,2013,3.25
AGO,2014,3.25
AGO,2015,2.8333332538604736
AGO,2016,2.8333332538604736
AGO,2017,2.0373072624206543
ALB,2000,5.8333330154418945
ALB,2001,6.6666669845581055
ALB,2002,7.5833330154418945
ALB,2003,7.5833330154418945
ALB,2004,7.5833330154418945
ALB,2005,8.083333015441895
ALB,2006,8.083333015441895
ALB,2007,8.083333015441895
ALB,2008,8.083333015441895
ALB,2009,8.083333015441895
ALB,2010,8.083333015441895
ALB,2011,8.083333015441895
ALB,2012,8.083333015441895
ALB,2013,8.083333015441895
ALB,2014,8.083333015441895
ALB,2015,8.083333015441895
ALB,2016,8.083333015441895
ALB,2017,6.952688217163086
AND,2000,10
AND,2001,10
AND,2002,10
AND,2003,10
AND,2004,10
AND,2005,10
AND,2006,10
AND,2007,10
AND,2008,10
AND,2009,10
AND,2010,10
AND,2011,10
AND,2012,10
AND,2013,10
AND,2014,10
AND,2015,10
AND,2016,10
AND,2017,10
ARE,2000,1.75
ARE,2001,1.75
ARE,2002,1.75
ARE,2003,1.3333332538604736
ARE,2004,1.3333332538604736
ARE,2005,1.3333332538604736
ARE,2006,1.75
ARE,2007,1.75
ARE,2008,1.75
ARE,2009,1.75
ARE,2010,1.75
ARE,2011,1.3333332538604736
ARE,2012,1.3333332538604736
ARE,2013,1.3333332538604736
ARE,2014,1.3333332538604736
ARE,2015,1.3333332538604736
ARE,2016,1.3333332538604736
ARE,2017,1.2180771827697754
ARG,2000,9.083333969116211
ARG,2001,7.8333330154418945
ARG,2002,7.8333330154418945
ARG,2003,8.666666030883789
ARG,2004,8.666666030883789
ARG,2005,8.666666030883789
ARG,2006,8.666666030883789
ARG,2007,8.666666030883789
ARG,2008,8.666666030883789
ARG,2009,8.666666030883789
ARG,2010,8.666666030883789
ARG,2011,8.666666030883789
ARG,2012,8.666666030883789
ARG,2013,8.666666030883789
ARG,2014,8.666666030883789
ARG,2015,8.916666030883789
ARG,2016,8.916666030883789
ARG,2017,8.591148376464844
ARM,2000,6.25
ARM,2001,6.25
ARM,2002,6.25
ARM,2003,6.25
ARM,2004,5.8333330154418945
ARM,2005,5.8333330154418945
ARM,2006,5.8333330154418945
ARM,2007,5.8333330154418945
ARM,2008,5.416666507720947
ARM,2009,5.416666507720947
ARM,2010,5.416666507720947
ARM,2011,5.416666507720947
ARM,2012,5.8333330154418945
ARM,2013,5.8333330154418945
ARM,2014,5.8333330154418945
ARM,2015,5.8333330154418945
ARM,2016,5.8333330154418945
ARM,2017,4.494997501373291
ATG,2000,6.952688217163086
ATG,2001,6.952688217163086
ATG,2002,6.952688217163086
ATG,2003,6.952688217163086
ATG,2004,8.591148376464844
ATG,2005,8.591148376464844
ATG,2006,8.591148376464844
ATG,2007,8.591148376464844
ATG,2008,8.591148376464844
ATG,2009,7.771918296813965
ATG,2010,7.771918296813965
ATG,2011,7.771918296813965
ATG,2012,8.591148376464844
ATG,2013,8.591148376464844
ATG,2014,8.591148376464844
ATG,2015,8.591148376464844
ATG,2016,8.591148376464844
ATG,2017,8.591148376464844
AUS,2000,10
AUS,2001,10
AUS,2002,10
AUS,2003,10
AUS,2004,10
AUS,2005,10
AUS,2006,10
AUS,2007,10
AUS,2008,10
AUS,2009,10
AUS,2010,10
AUS,2011,10
AUS,2012,10
AUS,2013,10
AUS,2014,10
AUS,2015,10
AUS,2016,10
AUS,2017,10
AUT,2000,10
AUT,2001,10
AUT,2002,10
AUT,2003,10
AUT,2004,10
AUT,2005,10
AUT,2006,10
AUT,2007,10
AUT,2008,10
AUT,2009,10
AUT,2010,10
AUT,2011,10
AUT,2012,10
AUT,2013,10
AUT,2014,10
AUT,2015,10
AUT,2016,10
AUT,2017,10
AZE,2000,2
AZE,2001,2
AZE,2002,2
AZE,2003,2
AZE,2004,2
AZE,2005,2
AZE,2006,2
AZE,2007,2
AZE,2008,2
AZE,2009,2
AZE,2010,2
AZE,2011,2
AZE,2012,2
AZE,2013,1.5833332538604736
AZE,2014,1.5833332538604736
AZE,2015,1.1666666269302368
AZE,2016,1.1666666269302368
AZE,2017,1.2180771827697754
BDI,2000,3.0833332538604736
BDI,2001,3.3333332538604736
BDI,2002,4.25
BDI,2003,4.916666507720947
BDI,2004,5.416666507720947
BDI,2005,6.5
BDI,2006,6.0833330154418945
BDI,2007,6.0833330154418945
BDI,2008,6.0833330154418945
BDI,2009,6.0833330154418945
BDI,2010,5.666666507720947
BDI,2011,5.666666507720947
BDI,2012,5.666666507720947
BDI,2013,5.666666507720947
BDI,2014,5.25
BDI,2015,2.6666667461395264
BDI,2016,2.6666667461395264
BDI,2017,1.2180771827697754
BEL,2000,9.583333969116211
BEL,2001,9.583333969116211
BEL,2002,10
BEL,2003,10
BEL,2004,10
BEL,2005,10
BEL,2006,10
BEL,2007,9.5
BEL,2008,9.5
BEL,2009,9.5
BEL,2010,9.5
BEL,2011,9.5
BEL,2012,9.5
BEL,2013,9.5
BEL,2014,9.5
BEL,2015,9.5
BEL,2016,9.5
BEL,2017,10
BEN,2000,8.166666030883789
BEN,2001,7.75
BEN,2002,7.75
BEN,2003,8.166666030883789
BEN,2004,8.166666030883789
BEN,2005,8.166666030883789
BEN,2006,8.416666030883789
BEN,2007,8.416666030883789
BEN,2008,8.416666030883789
BEN,2009,8.416666030883789
BEN,2010,8.416666030883789
BEN,2011,8.416666030883789
BEN,2012,8.416666030883789
BEN,2013,8.416666030883789
BEN,2014,8.416666030883789
BEN,2015,8.416666030883789
BEN,2016,8.416666030883789
BEN,2017,8.591148376464844
BFA,2000,4.25
BFA,2001,5
BFA,2002,5
BFA,2003,5
BFA,2004,4.5833330154418945
BFA,2005,5
BFA,2006,5
BFA,2007,5
BFA,2008,5
BFA,2009,5
BFA,2010,5
BFA,2011,5
BFA,2012,5
BFA,2013,5
BFA,2014,4.5833330154418945
BFA,2015,6.9166669845581055
BFA,2016,6.9166669845581055
BFA,2017,6.133458137512207
BGD,2000,6.9166669845581055
BGD,2001,6.9166669845581055
BGD,2002,6.5
BGD,2003,6.5
BGD,2004,6.5
BGD,2005,6.5
BGD,2006,6.5
BGD,2007,3.0833332538604736
BGD,2008,3.5
BGD,2009,6.6666669845581055
BGD,2010,6.6666669845581055
BGD,2011,6.6666669845581055
BGD,2012,6.6666669845581055
BGD,2013,6.4166669845581055
BGD,2014,5.25
BGD,2015,5.25
BGD,2016,5.25
BGD,2017,5.314228057861328
BGR,2000,8.25
BGR,2001,8.916666030883789
BGR,2002,9.333333969116211
BGR,2003,9.333333969116211
BGR,2004,9.333333969116211
BGR,2005,9.333333969116211
BGR,2006,9.333333969116211
BGR,2007,9.333333969116211
BGR,2008,8.916666030883789
BGR,2009,8.916666030883789
BGR,2010,8.916666030883789
BGR,2011,8.916666030883789
BGR,2012,8.916666030883789
BGR,2013,8.916666030883789
BGR,2014,8.916666030883789
BGR,2015,8.916666030883789
BGR,2016,8.916666030883789
BGR,2017,8.591148376464844
BHR,2000,0.6666666269302368
BHR,2001,1.75
BHR,2002,2.4166665077209473
BHR,2003,2.4166665077209473
BHR,2004,2.4166665077209473
BHR,2005,2.4166665077209473
BHR,2006,2.4166665077209473
BHR,2007,2.4166665077209473
BHR,2008,2.4166665077209473
BHR,2009,2
BHR,2010,2.5
BHR,2011,1.3333332538604736
BHR,2012,0.8333333134651184
BHR,2013,0.8333333134651184
BHR,2014,0.4166666567325592
BHR,2015,0.4166666567325592
BHR,2016,0.4166666567325592
BHR,2017,1.2180771827697754
BHS,2000,10
BHS,2001,10
BHS,2002,10
BHS,2003,10
BHS,2004,10
BHS,2005,10
BHS,2006,10
BHS,2007,10
BHS,2008,10
BHS,2009,10
BHS,2010,10
BHS,2011,10
BHS,2012,10
BHS,2013,10
BHS,2014,10
BHS,2015,10
BHS,2016,10
BHS,2017,10
BIH,2000,4.494997501373291
BIH,2001,4.494997501373291
BIH,2002,5.314228057861328
BIH,2003,5.314228057861328
BIH,2004,6.133458137512207
BIH,2005,6.133458137512207
BIH,2006,6.952688217163086
BIH,2007,6.133458137512207
BIH,2008,6.133458137512207
BIH,2009,6.133458137512207
BIH,2010,6.133458137512207
BIH,2011,6.133458137512207
BIH,2012,6.952688217163086
BIH,2013,6.952688217163086
BIH,2014,6.133458137512207
BIH,2015,6.133458137512207
BIH,2016,5.314228057861328
BIH,2017,5.314228057861328
BLR,2000,1.5833332538604736
BLR,2001,1.5833332538604736
BLR,2002,1.5833332538604736
BLR,2003,1.5833332538604736
BLR,2004,1.1666666269302368
BLR,2005,1.1666666269302368
BLR,2006,1.1666666269302368
BLR,2007,1.1666666269302368
BLR,2008,1.1666666269302368
BLR,2009,1.1666666269302368
BLR,2010,1.1666666269302368
BLR,2011,1.1666666269302368
BLR,2012,1.1666666269302368
BLR,2013,1.1666666269302368
BLR,2014,1.1666666269302368
BLR,2015,1.1666666269302368
BLR,2016,1.1666666269302368
BLR,2017,2.0373072624206543
BLZ,2000,10
BLZ,2001,9.410378456115723
BLZ,2002,9.410378456115723
BLZ,2003,9.410378456115723
BLZ,2004,9.410378456115723
BLZ,2005,9.410378456115723
BLZ,2006,9.410378456115723
BLZ,2007,9.410378456115723
BLZ,2008,9.410378456115723
BLZ,2009,9.410378456115723
BLZ,2010,9.410378456115723
BLZ,2011,9.410378456115723
BLZ,2012,9.410378456115723
BLZ,2013,9.410378456115723
BLZ,2014,9.410378456115723
BLZ,2015,9.410378456115723
BLZ,2016,9.410378456115723
BLZ,2017,9.410378456115723
BOL,2000,8.916666030883789
BOL,2001,8.916666030883789
BOL,2002,8.5
BOL,2003,7.8333330154418945
BOL,2004,7.8333330154418945
BOL,2005,7.8333330154418945
BOL,2006,7.8333330154418945
BOL,2007,7.8333330154418945
BOL,2008,7.8333330154418945
BOL,2009,7.5833330154418945
BOL,2010,7.5833330154418945
BOL,2011,7.5833330154418945
BOL,2012,7.5833330154418945
BOL,2013,7.5833330154418945
BOL,2014,7.5833330154418945
BOL,2015,7.5833330154418945
BOL,2016,7.5833330154418945
BOL,2017,6.952688217163086
BRA,2000,7.8333330154418945
BRA,2001,7.8333330154418945
BRA,2002,8.25
BRA,2003,8.25
BRA,2004,8.25
BRA,2005,8.666666030883789
BRA,2006,8.666666030883789
BRA,2007,8.666666030883789
BRA,2008,8.666666030883789
BRA,2009,8.666666030883789
BRA,2010,8.666666030883789
BRA,2011,8.666666030883789
BRA,2012,8.666666030883789
BRA,2013,8.666666030883789
BRA,2014,8.666666030883789
BRA,2015,8.666666030883789
BRA,2016,8.666666030883789
BRA,2017,8.591148376464844
BRB,2000,10
BRB,2001,10
BRB,2002,10
BRB,2003,10
BRB,2004,10
BRB,2005,10
BRB,2006,10
BRB,2007,10
BRB,2008,10
BRB,2009,10
BRB,2010,10
BRB,2011,10
BRB,2012,10
BRB,2013,10
BRB,2014,10
BRB,2015,10
BRB,2016,10
BRB,2017,10
BRN,2000,2.0373072624206543
BRN,2001,2.0373072624206543
BRN,2002,2.8565375804901123
BRN,2003,2.8565375804901123
BRN,2004,2.8565375804901123
BRN,2005,2.8565375804901123
BRN,2006,2.8565375804901123
BRN,2007,2.8565375804901123
BRN,2008,2.8565375804901123
BRN,2009,2.8565375804901123
BRN,2010,2.8565375804901123
BRN,2011,2.8565375804901123
BRN,2012,2.8565375804901123
BRN,2013,2.8565375804901123
BRN,2014,2.8565375804901123
BRN,2015,2.8565375804901123
BRN,2016,2.8565375804901123
BRN,2017,2.8565375804901123
BTN,2000,0.4166666567325592
BTN,2001,0.4166666567325592
BTN,2002,1.25
BTN,2003,1.25
BTN,2004,1.25
BTN,2005,2.5
BTN,2006,2.5
BTN,2007,2.5
BTN,2008,5.3333330154418945
BTN,2009,5.3333330154418945
BTN,2010,5.3333330154418945
BTN,2011,5.3333330154418945
BTN,2012,5.3333330154418945
BTN,2013,6.6666669845581055
BTN,2014,6.6666669845581055
BTN,2015,6.6666669845581055
BTN,2016,6.6666669845581055
BTN,2017,6.133458137512207
BWA,2000,8.666666030883789
BWA,2001,8.666666030883789
BWA,2002,8.666666030883789
BWA,2003,8.666666030883789
BWA,2004,8.666666030883789
BWA,2005,8.666666030883789
BWA,2006,8.666666030883789
BWA,2007,8.666666030883789
BWA,2008,8.666666030883789
BWA,2009,8.25
BWA,2010,8.25
BWA,2011,8.25
BWA,2012,8.25
BWA,2013,8.25
BWA,2014,8.25
BWA,2015,8.25
BWA,2016,8.25
BWA,2017,7.771918296813965
CAF,2000,6.6666669845581055
CAF,2001,5.416666507720947
CAF,2002,5.416666507720947
CAF,2003,3.0833332538604736
CAF,2004,3.5
CAF,2005,4.3333330154418945
CAF,2006,4.3333330154418945
CAF,2007,3.9166665077209473
CAF,2008,3.9166665077209473
CAF,2009,3.9166665077209473
CAF,2010,3.9166665077209473
CAF,2011,3.9166665077209473
CAF,2012,3.9166665077209473
CAF,2013,2.5
CAF,2014,2.5
CAF,2015,2.5
CAF,2016,4
CAF,2017,0.3988471031188965
CAN,2000,10
CAN,2001,10
CAN,2002,10
CAN,2003,10
CAN,2004,10
CAN,2005,10
CAN,2006,10
CAN,2007,10
CAN,2008,10
CAN,2009,10
CAN,2010,10
CAN,2011,10
CAN,2012,10
CAN,2013,10
CAN,2014,10
CAN,2015,10
CAN,2016,10
CAN,2017,10
CHE,2000,10
CHE,2001,10
CHE,2002,10
CHE,2003,10
CHE,2004,10
CHE,2005,10
CHE,2006,10
CHE,2007,10
CHE,2008,10
CHE,2009,10
CHE,2010,10
CHE,2011,10
CHE,2012,10
CHE,2013,10
CHE,2014,10
CHE,2015,10
CHE,2016,10
CHE,2017,10
CHL,2000,8.916666030883789
CHL,2001,8.916666030883789
CHL,2002,9.333333969116211
CHL,2003,9.75
CHL,2004,9.75
CHL,2005,9.75
CHL,2006,10
CHL,2007,10
CHL,2008,10
CHL,2009,10
CHL,2010,10
CHL,2011,10
CHL,2012,10
CHL,2013,10
CHL,2014,10
CHL,2015,10
CHL,2016,10
CHL,2017,10
CHN,2000,1.1666666269302368
CHN,2001,1.1666666269302368
CHN,2002,1.1666666269302368
CHN,2003,1.1666666269302368
CHN,2004,1.1666666269302368
CHN,2005,1.1666666269302368
CHN,2006,1.1666666269302368
CHN,2007,1.1666666269302368
CHN,2008,1.1666666269302368
CHN,2009,1.1666666269302368
CHN,2010,1.1666666269302368
CHN,2011,1.1666666269302368
CHN,2012,1.1666666269302368
CHN,2013,1.1666666269302368
CHN,2014,1.1666666269302368
CHN,2015,1.1666666269302368
CHN,2016,1.1666666269302368
CHN,2017,1.2180771827697754
CIV,2000,4.75
CIV,2001,5.5833330154418945
CIV,2002,3.3333332538604736
CIV,2003,3.75
CIV,2004,3.3333332538604736
CIV,2005,3.3333332538604736
CIV,2006,2.9166667461395264
CIV,2007,3.3333332538604736
CIV,2008,3.75
CIV,2009,3.75
CIV,2010,2.9166667461395264
CIV,2011,4.333333492279053
CIV,2012,5.166666507720947
CIV,2013,5.5833330154418945
CIV,2014,5.5833330154418945
CIV,2015,6
CIV,2016,6
CIV,2017,5.314228057861328
CMR,2000,1.9166666269302368
CMR,2001,2.3333332538604736
CMR,2002,2.3333332538604736
CMR,2003,2.3333332538604736
CMR,2004,2.3333332538604736
CMR,2005,2.3333332538604736
CMR,2006,2.3333332538604736
CMR,2007,2.3333332538604736
CMR,2008,2.3333332538604736
CMR,2009,2.3333332538604736
CMR,2010,2.3333332538604736
CMR,2011,2.3333332538604736
CMR,2012,2.3333332538604736
CMR,2013,2.3333332538604736
CMR,2014,2.3333332538604736
CMR,2015,2.3333332538604736
CMR,2016,2.3333332538604736
CMR,2017,2.0373072624206543
COD,2000,2.9166667461395264
COD,2001,3.3333332538604736
COD,2002,3.3333332538604736
COD,2003,3.5833332538604736
COD,2004,4.083333492279053
COD,2005,4.333333492279053
COD,2006,5
COD,2007,5
COD,2008,4.583333492279053
COD,2009,4.583333492279053
COD,2010,4.583333492279053
COD,2011,4.583333492279053
COD,2012,4.583333492279053
COD,2013,4.583333492279053
COD,2014,4.583333492279053
COD,2015,4.583333492279053
COD,2016,4.166666507720947
COD,2017,1.2180771827697754
COG,2000,2.6666665077209473
COG,2001,3.3333332538604736
COG,2002,3.1666665077209473
COG,2003,3.5833332538604736
COG,2004,3.5833332538604736
COG,2005,3.1666665077209473
COG,2006,2.75
COG,2007,2.75
COG,2008,2.75
COG,2009,2.75
COG,2010,2.75
COG,2011,2.75
COG,2012,2.75
COG,2013,2.75
COG,2014,2.75
COG,2015,2.75
COG,2016,2.3333332538604736
COG,2017,2.0373072624206543
COL,2000,6.75
COL,2001,6.75
COL,2002,6.75
COL,2003,6.75
COL,2004,6.75
COL,2005,7.5833330154418945
COL,2006,7.5833330154418945
COL,2007,7.5833330154418945
COL,2008,7.1666669845581055
COL,2009,7.1666669845581055
COL,2010,7.1666669845581055
COL,2011,7.1666669845581055
COL,2012,7.1666669845581055
COL,2013,7.1666669845581055
COL,2014,7.1666669845581055
COL,2015,7.1666669845581055
COL,2016,7.5833330154418945
COL,2017,6.952688217163086
COM,2000,3.9166665077209473
COM,2001,4.166666507720947
COM,2002,5.5833330154418945
COM,2003,5.5833330154418945
COM,2004,6.5
COM,2005,6.5
COM,2006,7.6666669845581055
COM,2007,7.25
COM,2008,7.6666669845581055
COM,2009,7.6666669845581055
COM,2010,7.6666669845581055
COM,2011,7.6666669845581055
COM,2012,7.6666669845581055
COM,2013,7.6666669845581055
COM,2014,7.6666669845581055
COM,2015,7.6666669845581055
COM,2016,7.6666669845581055
COM,2017,6.133458137512207
CPV,2000,9.083333969116211
CPV,2001,9.583333969116211
CPV,2002,9.583333969116211
CPV,2003,10
CPV,2004,10
CPV,2005,10
CPV,2006,10
CPV,2007,10
CPV,2008,10
CPV,2009,10
CPV,2010,10
CPV,2011,10
CPV,2012,10
CPV,2013,10
CPV,2014,10
CPV,2015,10
CPV,2016,10
CPV,2017,10
CRI,2000,9.583333969116211
CRI,2001,9.583333969116211
CRI,2002,9.583333969116211
CRI,2003,9.583333969116211
CRI,2004,10
CRI,2005,10
CRI,2006,10
CRI,2007,10
CRI,2008,10
CRI,2009,10
CRI,2010,10
CRI,2011,10
CRI,2012,10
CRI,2013,10
CRI,2014,10
CRI,2015,10
CRI,2016,10
CRI,2017,10
CSK,2000,<NA>
CSK,2001,<NA>
CSK,2002,<NA>
CSK,2003,<NA>
CSK,2004,<NA>
CSK,2005,<NA>
CSK,2006,<NA>
CSK,2007,<NA>
CSK,2008,<NA>
CSK,2009,<NA>
CSK,2010,<NA>
CSK,2011,<NA>
CSK,2012,<NA>
CSK,2013,<NA>
CSK,2014,<NA>
CSK,2015,<NA>
CSK,2016,<NA>
CSK,2017,<NA>
CUB,2000,0.75
CUB,2001,0.75
CUB,2002,0.75
CUB,2003,0.75
CUB,2004,0.75
CUB,2005,0.75
CUB,2006,0.75
CUB,2007,0.75
CUB,2008,1.1666666269302368
CUB,2009,1.1666666269302368
CUB,2010,1.1666666269302368
CUB,2011,1.1666666269302368
CUB,2012,1.1666666269302368
CUB,2013,1.1666666269302368
CUB,2014,1.1666666269302368
CUB,2015,1.1666666269302368
CUB,2016,1.1666666269302368
CUB,2017,1.2180771827697754
CYP,2000,10
CYP,2000,<NA>
CYP,2001,10
CYP,2001,<NA>
CYP,2002,10
CYP,2002,<NA>
CYP,2003,10
CYP,2003,<NA>
CYP,2004,10
CYP,2004,<NA>
CYP,2005,10
CYP,2005,<NA>
CYP,2006,10
CYP,2006,<NA>
CYP,2007,10
CYP,2007,<NA>
CYP,2008,10
CYP,2008,<NA>
CYP,2009,10
CYP,2009,<NA>
CYP,2010,10
CYP,2010,<NA>
CYP,2011,10
CYP,2011,<NA>
CYP,2012,10
CYP,2012,<NA>
CYP,2013,10
CYP,2013,<NA>
CYP,2014,10
CYP,2014,<NA>
CYP,2015,10
CYP,2015,<NA>
CYP,2016,10
CYP,2016,<NA>
CYP,2017,10
CYP,2017,<NA>
CZE,2000,9.583333969116211
CZE,2001,9.583333969116211
CZE,2002,9.583333969116211
CZE,2003,9.583333969116211
CZE,2004,10
CZE,2005,10
CZE,2006,9.75
CZE,2007,9.75
CZE,2008,9.75
CZE,2009,9.75
CZE,2010,9.75
CZE,2011,9.75
CZE,2012,9.75
CZE,2013,9.75
CZE,2014,9.75
CZE,2015,9.75
CZE,2016,9.75
CZE,2017,10
DDR,2000,<NA>
DDR,2001,<NA>
DDR,2002,<NA>
DDR,2003,<NA>
DDR,2004,<NA>
DDR,2005,<NA>
DDR,2006,<NA>
DDR,2007,<NA>
DDR,2008,<NA>
DDR,2009,<NA>
DDR,2010,<NA>
DDR,2011,<NA>
DDR,2012,<NA>
DDR,2013,<NA>
DDR,2014,<NA>
DDR,2015,<NA>
DDR,2016,<NA>
DDR,2017,<NA>
DEU,2000,9.583333969116211
DEU,2000,<NA>
DEU,2001,9.583333969116211
DEU,2001,<NA>
DEU,2002,10
DEU,2002,<NA>
DEU,2003,10
DEU,2003,<NA>
DEU,2004,10
DEU,2004,<NA>
DEU,2005,10
DEU,2005,<NA>
DEU,2006,10
DEU,2006,<NA>
DEU,2007,10
DEU,2007,<NA>
DEU,2008,10
DEU,2008,<NA>
DEU,2009,10
DEU,2009,<NA>
DEU,2010,10
DEU,2010,<NA>
DEU,2011,10
DEU,2011,<NA>
DEU,2012,10
DEU,2012,<NA>
DEU,2013,10
DEU,2013,<NA>
DEU,2014,10
DEU,2014,<NA>
DEU,2015,10
DEU,2015,<NA>
DEU,2016,10
DEU,2016,<NA>
DEU,2017,10
DEU,2017,<NA>
DJI,2000,5.0833330154418945
DJI,2001,5.0833330154418945
DJI,2002,5.0833330154418945
DJI,2003,4.666666507720947
DJI,2004,4.666666507720947
DJI,2005,4.666666507720947
DJI,2006,4.666666507720947
DJI,2007,4.666666507720947
DJI,2008,4.666666507720947
DJI,2009,4.666666507720947
DJI,2010,4.25
DJI,2011,4.25
DJI,2012,4.25
DJI,2013,4.5
DJI,2014,4.5
DJI,2015,4.5
DJI,2016,4.5
DJI,2017,2.8565375804901123
DMA,2000,10
DMA,2001,10
DMA,2002,10
DMA,2003,10
DMA,2004,10
DMA,2005,10
DMA,2006,10
DMA,2007,10
DMA,2008,10
DMA,2009,10
DMA,2010,10
DMA,2011,10
DMA,2012,10
DMA,2013,10
DMA,2014,10
DMA,2015,10
DMA,2016,10
DMA,2017,10
DNK,2000,10
DNK,2001,10
DNK,2002,10
DNK,2003,10
DNK,2004,10
DNK,2005,10
DNK,2006,10
DNK,2007,10
DNK,2008,10
DNK,2009,10
DNK,2010,10
DNK,2011,10
DNK,2012,10
DNK,2013,10
DNK,2014,10
DNK,2015,10
DNK,2016,10
DNK,2017,10
DOM,2000,8.666666030883789
DOM,2001,8.666666030883789
DOM,2002,8.666666030883789
DOM,2003,8.25
DOM,2004,8.666666030883789
DOM,2005,8.666666030883789
DOM,2006,8.666666030883789
DOM,2007,8.666666030883789
DOM,2008,8.666666030883789
DOM,2009,8.666666030883789
DOM,2010,8.666666030883789
DOM,2011,8.666666030883789
DOM,2012,8.666666030883789
DOM,2013,8.25
DOM,2014,8.25
DOM,2015,7.8333330154418945
DOM,2016,7.5833330154418945
DOM,2017,6.952688217163086
DZA,2000,3
DZA,2001,3
DZA,2002,3
DZA,2003,3
DZA,2004,4.25
DZA,2005,4.25
DZA,2006,4.25
DZA,2007,4.25
DZA,2008,4.25
DZA,2009,4.25
DZA,2010,4.25
DZA,2011,4.25
DZA,2012,4.25
DZA,2013,4.25
DZA,2014,4.25
DZA,2015,4.25
DZA,2016,4.25
DZA,2017,2.8565375804901123
ECU,2000,7.3333330154418945
ECU,2001,7.3333330154418945
ECU,2002,7.3333330154418945
ECU,2003,7.3333330154418945
ECU,2004,7.3333330154418945
ECU,2005,7.3333330154418945
ECU,2006,7.5833330154418945
ECU,2007,7.0833330154418945
ECU,2008,7.0833330154418945
ECU,2009,7.0833330154418945
ECU,2010,7.0833330154418945
ECU,2011,7.0833330154418945
ECU,2012,7.0833330154418945
ECU,2013,7.0833330154418945
ECU,2014,7.0833330154418945
ECU,2015,7.0833330154418945
ECU,2016,6.6666669845581055
ECU,2017,6.952688217163086
EGY,2000,2.25
EGY,2001,1.8333332538604736
EGY,2002,1.8333332538604736
EGY,2003,1.8333332538604736
EGY,2004,2.25
EGY,2005,3
EGY,2006,3
EGY,2007,3
EGY,2008,3
EGY,2009,3
EGY,2010,3
EGY,2011,3.25
EGY,2012,3.4166665077209473
EGY,2013,2.75
EGY,2014,2.75
EGY,2015,2.75
EGY,2016,2.75
EGY,2017,2.0373072624206543
ERI,2000,1.8333332538604736
ERI,2001,1.1666666269302368
ERI,2002,1.1666666269302368
ERI,2003,1.1666666269302368
ERI,2004,1.1666666269302368
ERI,2005,1.1666666269302368
ERI,2006,1.1666666269302368
ERI,2007,1.1666666269302368
ERI,2008,1.1666666269302368
ERI,2009,0.75
ERI,2010,0.75
ERI,2011,0.75
ERI,2012,0.75
ERI,2013,0.75
ERI,2014,0.75
ERI,2015,0.75
ERI,2016,0.75
ERI,2017,0.3988471031188965
ESP,2000,9.583333969116211
ESP,2001,9.583333969116211
ESP,2002,10
ESP,2003,10
ESP,2004,10
ESP,2005,10
ESP,2006,10
ESP,2007,10
ESP,2008,10
ESP,2009,10
ESP,2010,10
ESP,2011,10
ESP,2012,10
ESP,2013,10
ESP,2014,10
ESP,2015,10
ESP,2016,10
ESP,2017,10
EST,2000,9.333333969116211
EST,2001,9.333333969116211
EST,2002,9.333333969116211
EST,2003,9.333333969116211
EST,2004,9.75
EST,2005,9.75
EST,2006,9.75
EST,2007,9.75
EST,2008,9.75
EST,2009,9.75
EST,2010,9.75
EST,2011,9.75
EST,2012,9.75
EST,2013,9.75
EST,2014,9.75
EST,2015,9.75
EST,2016,9.75
EST,2017,10
ETH,2000,<NA>
ETH,2000,4.416666507720947
ETH,2001,<NA>
ETH,2001,4.416666507720947
ETH,2002,<NA>
ETH,2002,4.416666507720947
ETH,2003,<NA>
ETH,2003,4.416666507720947
ETH,2004,<NA>
ETH,2004,4.416666507720947
ETH,2005,<NA>
ETH,2005,3.4166665077209473
ETH,2006,<NA>
ETH,2006,3.4166665077209473
ETH,2007,<NA>
ETH,2007,3.4166665077209473
ETH,2008,<NA>
ETH,2008,3.4166665077209473
ETH,2009,<NA>
ETH,2009,3.4166665077209473
ETH,2010,<NA>
ETH,2010,2.5833332538604736
ETH,2011,<NA>
ETH,2011,2.5833332538604736
ETH,2012,<NA>
ETH,2012,2.5833332538604736
ETH,2013,<NA>
ETH,2013,2.5833332538604736
ETH,2014,<NA>
ETH,2014,2.5833332538604736
ETH,2015,<NA>
ETH,2015,2.1666667461395264
ETH,2016,<NA>
ETH,2016,2.1666667461395264
ETH,2017,<NA>
ETH,2017,1.2180771827697754
FIN,2000,10
FIN,2001,10
FIN,2002,10
FIN,2003,10
FIN,2004,10
FIN,2005,10
FIN,2006,10
FIN,2007,10
FIN,2008,10
FIN,2009,10
FIN,2010,10
FIN,2011,10
FIN,2012,10
FIN,2013,10
FIN,2014,10
FIN,2015,10
FIN,2016,10
FIN,2017,10
FJI,2000,5.8333330154418945
FJI,2001,6.6666669845581055
FJI,2002,6.6666669845581055
FJI,2003,6.6666669845581055
FJI,2004,6.9166669845581055
FJI,2005,6.9166669845581055
FJI,2006,3.4166665077209473
FJI,2007,3.1666665077209473
FJI,2008,3.1666665077209473
FJI,2009,3.1666665077209473
FJI,2010,3.1666665077209473
FJI,2011,3.1666665077209473
FJI,2012,3.1666665077209473
FJI,2013,3.1666665077209473
FJI,2014,5.9166669845581055
FJI,2015,6.3333330154418945
FJI,2016,5.9166669845581055
FJI,2017,6.952688217163086
FRA,2000,9.333333969116211
FRA,2000,<NA>
FRA,2001,9.333333969116211
FRA,2001,<NA>
FRA,2002,9.75
FRA,2002,<NA>
FRA,2003,9.75
FRA,2003,<NA>
FRA,2004,9.75
FRA,2004,<NA>
FRA,2005,9.75
FRA,2005,<NA>
FRA,2006,9.75
FRA,2006,<NA>
FRA,2007,9.75
FRA,2007,<NA>
FRA,2008,9.75
FRA,2008,<NA>
FRA,2009,9.75
FRA,2009,<NA>
FRA,2010,9.75
FRA,2010,<NA>
FRA,2011,9.75
FRA,2011,<NA>
FRA,2012,9.75
FRA,2012,<NA>
FRA,2013,9.75
FRA,2013,<NA>
FRA,2014,9.75
FRA,2014,<NA>
FRA,2015,9.75
FRA,2015,<NA>
FRA,2016,9.333333969116211
FRA,2016,<NA>
FRA,2017,9.410378456115723
FRA,2017,<NA>
FSM,2000,9.410378456115723
FSM,2001,9.410378456115723
FSM,2002,9.410378456115723
FSM,2003,10
FSM,2004,10
FSM,2005,10
FSM,2006,10
FSM,2007,10
FSM,2008,10
FSM,2009,10
FSM,2010,10
FSM,2011,10
FSM,2012,10
FSM,2013,10
FSM,2014,10
FSM,2015,10
FSM,2016,10
FSM,2017,10
GAB,2000,3.5833332538604736
GAB,2001,3.5833332538604736
GAB,2002,3.5833332538604736
GAB,2003,3.5833332538604736
GAB,2004,3.5833332538604736
GAB,2005,3.1666665077209473
GAB,2006,3.1666665077209473
GAB,2007,3.1666665077209473
GAB,2008,3.1666665077209473
GAB,2009,4.5
GAB,2010,4.5
GAB,2011,4.5
GAB,2012,4.5
GAB,2013,4.5
GAB,2014,4.5
GAB,2015,4.5
GAB,2016,4.5
GAB,2017,2.0373072624206543
GBR,2000,9.583333969116211
GBR,2001,9.583333969116211
GBR,2002,10
GBR,2003,10
GBR,2004,10
GBR,2005,10
GBR,2006,10
GBR,2007,10
GBR,2008,10
GBR,2009,10
GBR,2010,10
GBR,2011,10
GBR,2012,10
GBR,2013,10
GBR,2014,10
GBR,2015,10
GBR,2016,10
GBR,2017,10
GEO,2000,6.25
GEO,2001,6.25
GEO,2002,6.25
GEO,2003,6.25
GEO,2004,7.1666669845581055
GEO,2005,7.5833330154418945
GEO,2006,7.5833330154418945
GEO,2007,6.5
GEO,2008,6.5
GEO,2009,6.5
GEO,2010,6.9166669845581055
GEO,2011,6.9166669845581055
GEO,2012,7.3333330154418945
GEO,2013,7.5833330154418945
GEO,2014,7.5833330154418945
GEO,2015,7.5833330154418945
GEO,2016,7.5833330154418945
GEO,2017,6.952688217163086
GHA,2000,6.75
GHA,2001,7.75
GHA,2002,7.75
GHA,2003,8.166666030883789
GHA,2004,8.666666030883789
GHA,2005,9.083333969116211
GHA,2006,9.083333969116211
GHA,2007,9.083333969116211
GHA,2008,9.083333969116211
GHA,2009,9.083333969116211
GHA,2010,9.083333969116211
GHA,2011,9.083333969116211
GHA,2012,9.083333969116211
GHA,2013,9.083333969116211
GHA,2014,9.083333969116211
GHA,2015,9.083333969116211
GHA,2016,9.083333969116211
GHA,2017,9.410378456115723
GIN,2000,3.5
GIN,2001,3.5
GIN,2002,3.5
GIN,2003,3.5
GIN,2004,3.5
GIN,2005,3.5
GIN,2006,3.5
GIN,2007,3.5
GIN,2008,3.0833332538604736
GIN,2009,2.6666667461395264
GIN,2010,4.416666507720947
GIN,2011,4.416666507720947
GIN,2012,4.416666507720947
GIN,2013,5.166666507720947
GIN,2014,5.166666507720947
GIN,2015,5.166666507720947
GIN,2016,5.166666507720947
GIN,2017,3.675767660140991
GMB,2000,2.0833332538604736
GMB,2001,2.9166665077209473
GMB,2002,3.75
GMB,2003,3.75
GMB,2004,3.75
GMB,2005,3.3333332538604736
GMB,2006,3.3333332538604736
GMB,2007,3.3333332538604736
GMB,2008,3.3333332538604736
GMB,2009,2.9166665077209473
GMB,2010,2.9166665077209473
GMB,2011,2.5
GMB,2012,2.0833332538604736
GMB,2013,2.0833332538604736
GMB,2014,2.0833332538604736
GMB,2015,1.6666666269302368
GMB,2016,2.0833332538604736
GMB,2017,4.494997501373291
GNB,2000,5.8333330154418945
GNB,2001,5.8333330154418945
GNB,2002,5.8333330154418945
GNB,2003,3.9166665077209473
GNB,2004,4.75
GNB,2005,6.9166669845581055
GNB,2006,6.5
GNB,2007,6.5
GNB,2008,6.5
GNB,2009,6.5
GNB,2010,6.5
GNB,2011,6.5
GNB,2012,4
GNB,2013,4
GNB,2014,5.666666507720947
GNB,2015,5.666666507720947
GNB,2016,5.666666507720947
GNB,2017,3.675767660140991
GNQ,2000,1
GNQ,2001,1.8333332538604736
GNQ,2002,1.4166666269302368
GNQ,2003,1.4166666269302368
GNQ,2004,1.4166666269302368
GNQ,2005,1.4166666269302368
GNQ,2006,1.4166666269302368
GNQ,2007,1.4166666269302368
GNQ,2008,1
GNQ,2009,1
GNQ,2010,1
GNQ,2011,1
GNQ,2012,1
GNQ,2013,1
GNQ,2014,1
GNQ,2015,1
GNQ,2016,1
GNQ,2017,0.3988471031188965
GRC,2000,9.166666030883789
GRC,2001,9.166666030883789
GRC,2002,9.583333969116211
GRC,2003,9.583333969116211
GRC,2004,9.583333969116211
GRC,2005,9.583333969116211
GRC,2006,9.583333969116211
GRC,2007,9.583333969116211
GRC,2008,9.583333969116211
GRC,2009,9.583333969116211
GRC,2010,9.583333969116211
GRC,2011,9.166666030883789
GRC,2012,9.166666030883789
GRC,2013,9.166666030883789
GRC,2014,9.166666030883789
GRC,2015,9.166666030883789
GRC,2016,9.166666030883789
GRC,2017,8.591148376464844
GRD,2000,9.410378456115723
GRD,2001,9.410378456115723
GRD,2002,9.410378456115723
GRD,2003,9.410378456115723
GRD,2004,9.410378456115723
GRD,2005,9.410378456115723
GRD,2006,9.410378456115723
GRD,2007,9.410378456115723
GRD,2008,9.410378456115723
GRD,2009,9.410378456115723
GRD,2010,9.410378456115723
GRD,2011,9.410378456115723
GRD,2012,9.410378456115723
GRD,2013,9.410378456115723
GRD,2014,9.410378456115723
GRD,2015,9.410378456115723
GRD,2016,9.410378456115723
GRD,2017,9.410378456115723
GTM,2000,7.4166669845581055
GTM,2001,7.4166669845581055
GTM,2002,7
GTM,2003,7
GTM,2004,7
GTM,2005,7
GTM,2006,7.4166669845581055
GTM,2007,7.4166669845581055
GTM,2008,7.4166669845581055
GTM,2009,7
GTM,2010,7
GTM,2011,7.4166669845581055
GTM,2012,7.4166669845581055
GTM,2013,7.4166669845581055
GTM,2014,7.4166669845581055
GTM,2015,7
GTM,2016,7
GTM,2017,5.314228057861328
GUY,2000,8.166666030883789
GUY,2001,8.166666030883789
GUY,2002,8.166666030883789
GUY,2003,8.166666030883789
GUY,2004,8.166666030883789
GUY,2005,7.3333330154418945
GUY,2006,7.75
GUY,2007,7.75
GUY,2008,7.75
GUY,2009,7.75
GUY,2010,7.75
GUY,2011,7.75
GUY,2012,7.75
GUY,2013,7.75
GUY,2014,7.75
GUY,2015,8
GUY,2016,8
GUY,2017,7.771918296813965
HND,2000,7.5833330154418945
HND,2001,7.5833330154418945
HND,2002,7.5833330154418945
HND,2003,7.5833330154418945
HND,2004,7.5833330154418945
HND,2005,7.5833330154418945
HND,2006,7.5833330154418945
HND,2007,7.5833330154418945
HND,2008,7.5833330154418945
HND,2009,6.75
HND,2010,6.75
HND,2011,6.75
HND,2012,6.75
HND,2013,6.75
HND,2014,6.75
HND,2015,6.75
HND,2016,6.75
HND,2017,5.314228057861328
HRV,2000,8.25
HRV,2001,8.666666030883789
HRV,2002,8.666666030883789
HRV,2003,8.666666030883789
HRV,2004,8.666666030883789
HRV,2005,8.916666030883789
HRV,2006,8.916666030883789
HRV,2007,8.916666030883789
HRV,2008,8.916666030883789
HRV,2009,9.333333969116211
HRV,2010,9.333333969116211
HRV,2011,9.333333969116211
HRV,2012,9.333333969116211
HRV,2013,9.333333969116211
HRV,2014,9.333333969116211
HRV,2015,9.333333969116211
HRV,2016,9.333333969116211
HRV,2017,9.410378456115723
HTI,2000,3.25
HTI,2001,2.8333332538604736
HTI,2002,2.8333332538604736
HTI,2003,2.8333332538604736
HTI,2004,2.9166667461395264
HTI,2005,3.6666667461395264
HTI,2006,5.8333330154418945
HTI,2007,5.8333330154418945
HTI,2008,5.8333330154418945
HTI,2009,5.8333330154418945
HTI,2010,4.5833330154418945
HTI,2011,4.5833330154418945
HTI,2012,4.5833330154418945
HTI,2013,4.5833330154418945
HTI,2014,4.166666507720947
HTI,2015,4.166666507720947
HTI,2016,3.675767660140991
HTI,2017,3.675767660140991
HUN,2000,9.583333969116211
HUN,2001,9.583333969116211
HUN,2002,9.583333969116211
HUN,2003,9.583333969116211
HUN,2004,10
HUN,2005,10
HUN,2006,10
HUN,2007,10
HUN,2008,10
HUN,2009,10
HUN,2010,10
HUN,2011,9.583333969116211
HUN,2012,9.583333969116211
HUN,2013,9.583333969116211
HUN,2014,9.166666030883789
HUN,2015,9.166666030883789
HUN,2016,8.75
HUN,2017,7.771918296813965
IDN,2000,6.9166669845581055
IDN,2001,6.9166669845581055
IDN,2002,6.9166669845581055
IDN,2003,6.9166669845581055
IDN,2004,7.4166669845581055
IDN,2005,8.25
IDN,2006,8.25
IDN,2007,8.25
IDN,2008,8.25
IDN,2009,8.25
IDN,2010,8.25
IDN,2011,8.25
IDN,2012,8.25
IDN,2013,7.8333330154418945
IDN,2014,8.083333015441895
IDN,2015,8.083333015441895
IDN,2016,8.083333015441895
IDN,2017,6.952688217163086
IND,2000,8.5
IND,2001,8.5
IND,2002,8.5
IND,2003,8.5
IND,2004,8.5
IND,2005,8.5
IND,2006,8.5
IND,2007,8.5
IND,2008,8.5
IND,2009,8.5
IND,2010,8.5
IND,2011,8.5
IND,2012,8.5
IND,2013,8.5
IND,2014,8.5
IND,2015,8.5
IND,2016,8.5
IND,2017,7.771918296813965
IRL,2000,10
IRL,2001,10
IRL,2002,10
IRL,2003,10
IRL,2004,10
IRL,2005,10
IRL,2006,10
IRL,2007,10
IRL,2008,10
IRL,2009,10
IRL,2010,10
IRL,2011,10
IRL,2012,10
IRL,2013,10
IRL,2014,10
IRL,2015,10
IRL,2016,10
IRL,2017,10
IRN,2000,4.083333492279053
IRN,2001,4.083333492279053
IRN,2002,4.083333492279053
IRN,2003,4.083333492279053
IRN,2004,1.8333332538604736
IRN,2005,1.8333332538604736
IRN,2006,1.8333332538604736
IRN,2007,1.8333332538604736
IRN,2008,1.8333332538604736
IRN,2009,1.5833332538604736
IRN,2010,1.5833332538604736
IRN,2011,1.5833332538604736
IRN,2012,1.5833332538604736
IRN,2013,1.5833332538604736
IRN,2014,1.5833332538604736
IRN,2015,1.5833332538604736
IRN,2016,1.5833332538604736
IRN,2017,2.0373072624206543
IRQ,2000,0.25
IRQ,2001,0.25
IRQ,2002,0.25
IRQ,2003,2.0373072624206543
IRQ,2004,2.0373072624206543
IRQ,2005,2.8565375804901123
IRQ,2006,2.0373072624206543
IRQ,2007,2.0373072624206543
IRQ,2008,2.0373072624206543
IRQ,2009,2.8565375804901123
IRQ,2010,4.5
IRQ,2011,4.5
IRQ,2012,4.083333492279053
IRQ,2013,4.5
IRQ,2014,4.833333492279053
IRQ,2015,5.25
IRQ,2016,5.25
IRQ,2017,2.8565375804901123
ISL,2000,10
ISL,2001,10
ISL,2002,10
ISL,2003,10
ISL,2004,10
ISL,2005,10
ISL,2006,10
ISL,2007,10
ISL,2008,10
ISL,2009,10
ISL,2010,10
ISL,2011,10
ISL,2012,10
ISL,2013,10
ISL,2014,10
ISL,2015,10
ISL,2016,10
ISL,2017,10
ISR,2000,8.166666030883789
ISR,2001,8.166666030883789
ISR,2002,8.166666030883789
ISR,2003,8.166666030883789
ISR,2004,8.166666030883789
ISR,2005,8.583333969116211
ISR,2006,8.583333969116211
ISR,2007,8.583333969116211
ISR,2008,8.583333969116211
ISR,2009,8.583333969116211
ISR,2010,8.583333969116211
ISR,2011,8.583333969116211
ISR,2012,8.583333969116211
ISR,2013,8.583333969116211
ISR,2014,8.583333969116211
ISR,2015,8.583333969116211
ISR,2016,8.583333969116211
ISR,2017,8.591148376464844
ITA,2000,9.583333969116211
ITA,2001,9.583333969116211
ITA,2002,10
ITA,2003,10
ITA,2004,10
ITA,2005,10
ITA,2006,10
ITA,2007,10
ITA,2008,9.583333969116211
ITA,2009,9.583333969116211
ITA,2010,9.583333969116211
ITA,2011,10
ITA,2012,9.583333969116211
ITA,2013,10
ITA,2014,10
ITA,2015,10
ITA,2016,10
ITA,2017,10
JAM,2000,8.916666030883789
JAM,2001,8.5
JAM,2002,8.5
JAM,2003,8.5
JAM,2004,8.5
JAM,2005,8.5
JAM,2006,8.5
JAM,2007,8.5
JAM,2008,8.5
JAM,2009,8.5
JAM,2010,8.5
JAM,2011,8.5
JAM,2012,8.5
JAM,2013,8.5
JAM,2014,8.5
JAM,2015,8.5
JAM,2016,8.5
JAM,2017,7.771918296813965
JOR,2000,4.5
JOR,2001,3.6666665077209473
JOR,2002,3.25
JOR,2003,3.6666665077209473
JOR,2004,4.0833330154418945
JOR,2005,4.0833330154418945
JOR,2006,4.0833330154418945
JOR,2007,3.8333332538604736
JOR,2008,3.4166665077209473
JOR,2009,3
JOR,2010,3
JOR,2011,3
JOR,2012,3
JOR,2013,3
JOR,2014,3
JOR,2015,3
JOR,2016,3.4166665077209473
JOR,2017,3.675767660140991
JPN,2000,9.583333969116211
JPN,2001,9.583333969116211
JPN,2002,9.583333969116211
JPN,2003,9.583333969116211
JPN,2004,9.583333969116211
JPN,2005,9.583333969116211
JPN,2006,9.583333969116211
JPN,2007,9.583333969116211
JPN,2008,9.583333969116211
JPN,2009,9.583333969116211
JPN,2010,9.583333969116211
JPN,2011,9.583333969116211
JPN,2012,9.583333969116211
JPN,2013,10
JPN,2014,10
JPN,2015,10
JPN,2016,10
JPN,2017,10
KAZ,2000,2.75
KAZ,2001,2.75
KAZ,2002,2.25
KAZ,2003,2.25
KAZ,2004,2.25
KAZ,2005,2.25
KAZ,2006,2.25
KAZ,2007,2.25
KAZ,2008,2.25
KAZ,2009,2.25
KAZ,2010,2.25
KAZ,2011,2.25
KAZ,2012,2.25
KAZ,2013,2.25
KAZ,2014,2.25
KAZ,2015,2.25
KAZ,2016,1.8333332538604736
KAZ,2017,2.0373072624206543
KEN,2000,3.25
KEN,2001,3.25
KEN,2002,7
KEN,2003,7.8333330154418945
KEN,2004,7.8333330154418945
KEN,2005,7.8333330154418945
KEN,2006,7.8333330154418945
KEN,2007,7.1666669845581055
KEN,2008,7.1666669845581055
KEN,2009,6.75
KEN,2010,7.4166669845581055
KEN,2011,7.4166669845581055
KEN,2012,7
KEN,2013,7.25
KEN,2014,7.25
KEN,2015,7.25
KEN,2016,7.25
KEN,2017,5.314228057861328
KGZ,2000,3
KGZ,2001,3
KGZ,2002,3
KGZ,2003,3
KGZ,2004,3
KGZ,2005,5.3333330154418945
KGZ,2006,5.5833330154418945
KGZ,2007,5.3333330154418945
KGZ,2008,5.3333330154418945
KGZ,2009,4
KGZ,2010,5.166666507720947
KGZ,2011,5.916666507720947
KGZ,2012,5.916666507720947
KGZ,2013,5.916666507720947
KGZ,2014,5.916666507720947
KGZ,2015,5.916666507720947
KGZ,2016,5.916666507720947
KGZ,2017,3.675767660140991
KHM,2000,3.8333332538604736
KHM,2001,4.25
KHM,2002,4.25
KHM,2003,4.25
KHM,2004,4.25
KHM,2005,4.25
KHM,2006,4.25
KHM,2007,4.25
KHM,2008,4.25
KHM,2009,4.25
KHM,2010,4.25
KHM,2011,4.25
KHM,2012,4.25
KHM,2013,4.25
KHM,2014,4.25
KHM,2015,4.25
KHM,2016,4.25
KHM,2017,2.8565375804901123
KIR,2000,10
KIR,2001,10
KIR,2002,10
KIR,2003,10
KIR,2004,10
KIR,2005,10
KIR,2006,10
KIR,2007,10
KIR,2008,10
KIR,2009,10
KIR,2010,10
KIR,2011,10
KIR,2012,10
KIR,2013,10
KIR,2014,10
KIR,2015,10
KIR,2016,10
KIR,2017,10
KNA,2000,9.410378456115723
KNA,2001,9.410378456115723
KNA,2002,9.410378456115723
KNA,2003,9.410378456115723
KNA,2004,9.410378456115723
KNA,2005,10
KNA,2006,10
KNA,2007,10
KNA,2008,10
KNA,2009,10
KNA,2010,10
KNA,2011,10
KNA,2012,10
KNA,2013,10
KNA,2014,10
KNA,2015,9.410378456115723
KNA,2016,10
KNA,2017,10
KOR,2000,8.666666030883789
KOR,2001,8.666666030883789
KOR,2002,8.666666030883789
KOR,2003,8.666666030883789
KOR,2004,9.083333969116211
KOR,2005,9.083333969116211
KOR,2006,9.083333969116211
KOR,2007,9.083333969116211
KOR,2008,9.083333969116211
KOR,2009,9.083333969116211
KOR,2010,9.083333969116211
KOR,2011,9.083333969116211
KOR,2012,9.083333969116211
KOR,2013,8.666666030883789
KOR,2014,8.666666030883789
KOR,2015,8.666666030883789
KOR,2016,8.666666030883789
KOR,2017,8.591148376464844
KWT,2000,2.8333332538604736
KWT,2001,2.8333332538604736
KWT,2002,2.8333332538604736
KWT,2003,2.8333332538604736
KWT,2004,2.8333332538604736
KWT,2005,2.8333332538604736
KWT,2006,3.25
KWT,2007,3.25
KWT,2008,3.25
KWT,2009,3.25
KWT,2010,2.8333332538604736
KWT,2011,2.8333332538604736
KWT,2012,2.4166665077209473
KWT,2013,2.4166665077209473
KWT,2014,2.4166665077209473
KWT,2015,2.4166665077209473
KWT,2016,2.4166665077209473
KWT,2017,3.675767660140991
LAO,2000,1.1666666269302368
LAO,2001,1.1666666269302368
LAO,2002,1.1666666269302368
LAO,2003,1.1666666269302368
LAO,2004,1.1666666269302368
LAO,2005,1.1666666269302368
LAO,2006,1.1666666269302368
LAO,2007,1.1666666269302368
LAO,2008,1.1666666269302368
LAO,2009,1.1666666269302368
LAO,2010,1.1666666269302368
LAO,2011,1.1666666269302368
LAO,2012,1.1666666269302368
LAO,2013,1.1666666269302368
LAO,2014,1.1666666269302368
LAO,2015,1.1666666269302368
LAO,2016,1.1666666269302368
LAO,2017,1.2180771827697754
LBN,2000,2.8565375804901123
LBN,2001,2.8565375804901123
LBN,2002,2.8565375804901123
LBN,2003,2.8565375804901123
LBN,2004,2.8565375804901123
LBN,2005,6.0833330154418945
LBN,2006,6.0833330154418945
LBN,2007,6.0833330154418945
LBN,2008,6.0833330154418945
LBN,2009,6.5
LBN,2010,6.5
LBN,2011,6.0833330154418945
LBN,2012,6.0833330154418945
LBN,2013,6.0833330154418945
LBN,2014,6.0833330154418945
LBN,2015,6.0833330154418945
LBN,2016,6.0833330154418945
LBN,2017,3.675767660140991
LBR,2000,3.75
LBR,2001,3.3333332538604736
LBR,2002,3.3333332538604736
LBR,2003,3.5833332538604736
LBR,2004,5.3333330154418945
LBR,2005,6.25
LBR,2006,6.9166669845581055
LBR,2007,6.9166669845581055
LBR,2008,6.9166669845581055
LBR,2009,6.9166669845581055
LBR,2010,6.9166669845581055
LBR,2011,6.9166669845581055
LBR,2012,6.9166669845581055
LBR,2013,6.9166669845581055
LBR,2014,6.9166669845581055
LBR,2015,6.9166669845581055
LBR,2016,6.9166669845581055
LBR,2017,6.952688217163086
LBY,2000,0.75
LBY,2001,0.75
LBY,2002,0.75
LBY,2003,0.75
LBY,2004,0.75
LBY,2005,0.75
LBY,2006,0.75
LBY,2007,0.75
LBY,2008,0.75
LBY,2009,0.75
LBY,2010,0.75
LBY,2011,2.9166667461395264
LBY,2012,4.5833330154418945
LBY,2013,4.5833330154418945
LBY,2014,3.3333332538604736
LBY,2015,3.3333332538604736
LBY,2016,2.9166667461395264
LBY,2017,1.2180771827697754
LCA,2000,9.410378456115723
LCA,2001,9.410378456115723
LCA,2002,9.410378456115723
LCA,2003,9.410378456115723
LCA,2004,9.410378456115723
LCA,2005,10
LCA,2006,10
LCA,2007,10
LCA,2008,10
LCA,2009,10
LCA,2010,10
LCA,2011,10
LCA,2012,10
LCA,2013,10
LCA,2014,10
LCA,2015,10
LCA,2016,10
LCA,2017,10
LIE,2000,10
LIE,2001,10
LIE,2002,10
LIE,2003,10
LIE,2004,10
LIE,2005,10
LIE,2006,10
LIE,2007,10
LIE,2008,10
LIE,2009,10
LIE,2010,10
LIE,2011,10
LIE,2012,10
LIE,2013,10
LIE,2014,10
LIE,2015,10
LIE,2016,9.410378456115723
LIE,2017,9.410378456115723
LKA,2000,6.6666669845581055
LKA,2001,6.9166669845581055
LKA,2002,6.9166669845581055
LKA,2003,7.0833330154418945
LKA,2004,7.0833330154418945
LKA,2005,7.0833330154418945
LKA,2006,6.5
LKA,2007,6.5
LKA,2008,6.5
LKA,2009,6.25
LKA,2010,5.3333330154418945
LKA,2011,5.3333330154418945
LKA,2012,5.3333330154418945
LKA,2013,5.3333330154418945
LKA,2014,4.916666507720947
LKA,2015,6.5
LKA,2016,6.9166669845581055
LKA,2017,6.133458137512207
LSO,2000,6
LSO,2001,6.5
LSO,2002,8.25
LSO,2003,8.25
LSO,2004,8.25
LSO,2005,8.25
LSO,2006,8.25
LSO,2007,8.25
LSO,2008,8.25
LSO,2009,7.8333330154418945
LSO,2010,7.8333330154418945
LSO,2011,7.8333330154418945
LSO,2012,8.25
LSO,2013,8.25
LSO,2014,8.25
LSO,2015,7.8333330154418945
LSO,2016,7.8333330154418945
LSO,2017,6.952688217163086
LTU,2000,9.583333969116211
LTU,2001,9.583333969116211
LTU,2002,9.583333969116211
LTU,2003,9.583333969116211
LTU,2004,9.166666030883789
LTU,2005,10
LTU,2006,10
LTU,2007,10
LTU,2008,10
LTU,2009,10
LTU,2010,10
LTU,2011,10
LTU,2012,10
LTU,2013,10
LTU,2014,10
LTU,2015,10
LTU,2016,10
LTU,2017,10
LUX,2000,10
LUX,2001,10
LUX,2002,10
LUX,2003,10
LUX,2004,10
LUX,2005,10
LUX,2006,10
LUX,2007,10
LUX,2008,10
LUX,2009,10
LUX,2010,10
LUX,2011,10
LUX,2012,10
LUX,2013,10
LUX,2014,10
LUX,2015,10
LUX,2016,10
LUX,2017,10
LVA,2000,9.083333969116211
LVA,2001,9.083333969116211
LVA,2002,9.083333969116211
LVA,2003,9.083333969116211
LVA,2004,9.083333969116211
LVA,2005,9.5
LVA,2006,9.5
LVA,2007,9.083333969116211
LVA,2008,9.083333969116211
LVA,2009,9.083333969116211
LVA,2010,8.666666030883789
LVA,2011,8.666666030883789
LVA,2012,8.666666030883789
LVA,2013,8.666666030883789
LVA,2014,8.666666030883789
LVA,2015,8.666666030883789
LVA,2016,9.083333969116211
LVA,2017,8.591148376464844
MAR,2000,3.0833332538604736
MAR,2001,2.6666665077209473
MAR,2002,2.6666665077209473
MAR,2003,2.6666665077209473
MAR,2004,3.0833332538604736
MAR,2005,3.0833332538604736
MAR,2006,3.0833332538604736
MAR,2007,3.0833332538604736
MAR,2008,3.0833332538604736
MAR,2009,3.0833332538604736
MAR,2010,3.0833332538604736
MAR,2011,3.5833332538604736
MAR,2012,3.5833332538604736
MAR,2013,3.5833332538604736
MAR,2014,3.5833332538604736
MAR,2015,3.5833332538604736
MAR,2016,3.5833332538604736
MAR,2017,3.675767660140991
MCO,2000,9.410378456115723
MCO,2001,9.410378456115723
MCO,2002,9.410378456115723
MCO,2003,9.410378456115723
MCO,2004,9.410378456115723
MCO,2005,9.410378456115723
MCO,2006,9.410378456115723
MCO,2007,9.410378456115723
MCO,2008,9.410378456115723
MCO,2009,9.410378456115723
MCO,2010,9.410378456115723
MCO,2011,9.410378456115723
MCO,2012,9.410378456115723
MCO,2013,9.410378456115723
MCO,2014,9.410378456115723
MCO,2015,9.410378456115723
MCO,2016,8.591148376464844
MCO,2017,8.591148376464844
MDA,2000,7.5833330154418945
MDA,2001,7.8333330154418945
MDA,2002,7.4166669845581055
MDA,2003,7.4166669845581055
MDA,2004,7.4166669845581055
MDA,2005,7.6666669845581055
MDA,2006,7.6666669845581055
MDA,2007,7.6666669845581055
MDA,2008,7.25
MDA,2009,7.6666669845581055
MDA,2010,8.083333015441895
MDA,2011,8.083333015441895
MDA,2012,8.083333015441895
MDA,2013,8.083333015441895
MDA,2014,8.083333015441895
MDA,2015,8.083333015441895
MDA,2016,8.083333015441895
MDA,2017,6.952688217163086
MDG,2000,7.5833330154418945
MDG,2001,7.5833330154418945
MDG,2002,7.1666669845581055
MDG,2003,7.5833330154418945
MDG,2004,7.5833330154418945
MDG,2005,7.5833330154418945
MDG,2006,7.1666669845581055
MDG,2007,7.1666669845581055
MDG,2008,7.1666669845581055
MDG,2009,4.166666507720947
MDG,2010,4.166666507720947
MDG,2011,4.916666507720947
MDG,2012,4.916666507720947
MDG,2013,5.3333330154418945
MDG,2014,6.5
MDG,2015,6.9166669845581055
MDG,2016,6.9166669845581055
MDG,2017,6.133458137512207
MDV,2000,2.8565375804901123
MDV,2001,2.8565375804901123
MDV,2002,2.8565375804901123
MDV,2003,2.8565375804901123
MDV,2004,2.8565375804901123
MDV,2005,2.8565375804901123
MDV,2006,2.8565375804901123
MDV,2007,2.8565375804901123
MDV,2008,5.314228057861328
MDV,2009,6.133458137512207
MDV,2010,6.133458137512207
MDV,2011,6.133458137512207
MDV,2012,4.494997501373291
MDV,2013,5.314228057861328
MDV,2014,5.314228057861328
MDV,2015,4.494997501373291
MDV,2016,3.675767660140991
MDV,2017,3.675767660140991
MEX,2000,8.25
MEX,2001,8.25
MEX,2002,8.666666030883789
MEX,2003,8.666666030883789
MEX,2004,8.666666030883789
MEX,2005,8.666666030883789
MEX,2006,8.25
MEX,2007,8.25
MEX,2008,8.25
MEX,2009,8.25
MEX,2010,7.8333330154418945
MEX,2011,7.8333330154418945
MEX,2012,7.8333330154418945
MEX,2013,7.8333330154418945
MEX,2014,7.8333330154418945
MEX,2015,7.8333330154418945
MEX,2016,7.8333330154418945
MEX,2017,6.952688217163086
MHL,2000,10
MHL,2001,10
MHL,2002,10
MHL,2003,10
MHL,2004,10
MHL,2005,10
MHL,2006,10
MHL,2007,10
MHL,2008,10
MHL,2009,10
MHL,2010,10
MHL,2011,10
MHL,2012,10
MHL,2013,10
MHL,2014,10
MHL,2015,10
MHL,2016,10
MHL,2017,10
MKD,2000,6.9166669845581055
MKD,2001,6.5
MKD,2002,8.083333015441895
MKD,2003,8.083333015441895
MKD,2004,8.083333015441895
MKD,2005,8.083333015441895
MKD,2006,8.083333015441895
MKD,2007,8.083333015441895
MKD,2008,8.083333015441895
MKD,2009,8.083333015441895
MKD,2010,8.083333015441895
MKD,2011,8.083333015441895
MKD,2012,8.083333015441895
MKD,2013,8.083333015441895
MKD,2014,7.6666669845581055
MKD,2015,7.6666669845581055
MKD,2016,7.6666669845581055
MKD,2017,6.133458137512207
MLI,2000,7.75
MLI,2001,7.75
MLI,2002,8
MLI,2003,8.416666030883789
MLI,2004,8.416666030883789
MLI,2005,8.416666030883789
MLI,2006,8.416666030883789
MLI,2007,8
MLI,2008,8
MLI,2009,8
MLI,2010,8
MLI,2011,8
MLI,2012,3.3333332538604736
MLI,2013,5.8333330154418945
MLI,2014,5.8333330154418945
MLI,2015,5.8333330154418945
MLI,2016,5.8333330154418945
MLI,2017,4.494997501373291
MLT,2000,10
MLT,2001,10
MLT,2002,10
MLT,2003,10
MLT,2004,10
MLT,2005,10
MLT,2006,10
MLT,2007,10
MLT,2008,10
MLT,2009,10
MLT,2010,10
MLT,2011,10
MLT,2012,10
MLT,2013,10
MLT,2014,10
MLT,2015,10
MLT,2016,10
MLT,2017,10
MMR,2000,0.75
MMR,2001,0.75
MMR,2002,0.75
MMR,2003,0.75
MMR,2004,0.5
MMR,2005,0.5
MMR,2006,0.5
MMR,2007,0.5
MMR,2008,1
MMR,2009,1
MMR,2010,1
MMR,2011,2.1666667461395264
MMR,2012,3
MMR,2013,3
MMR,2014,2.5833332538604736
MMR,2015,4.25
MMR,2016,6.166666507720947
MMR,2017,3.675767660140991
MNE,2000,<NA>
MNE,2001,<NA>
MNE,2002,<NA>
MNE,2003,<NA>
MNE,2004,<NA>
MNE,2005,<NA>
MNE,2006,8.083333015441895
MNE,2007,8.083333015441895
MNE,2008,8.083333015441895
MNE,2009,8.5
MNE,2010,8.5
MNE,2011,8.5
MNE,2012,8.5
MNE,2013,8.5
MNE,2014,8.5
MNE,2015,8.083333015441895
MNE,2016,8.083333015441895
MNE,2017,6.952688217163086
MNG,2000,8.75
MNG,2001,8.75
MNG,2002,9.166666030883789
MNG,2003,9.166666030883789
MNG,2004,9.166666030883789
MNG,2005,9.166666030883789
MNG,2006,9.166666030883789
MNG,2007,9.166666030883789
MNG,2008,9.166666030883789
MNG,2009,9.166666030883789
MNG,2010,9.166666030883789
MNG,2011,9.166666030883789
MNG,2012,9.583333969116211
MNG,2013,9.583333969116211
MNG,2014,9.583333969116211
MNG,2015,9.583333969116211
MNG,2016,9.583333969116211
MNG,2017,9.410378456115723
MOZ,2000,6.6666669845581055
MOZ,2001,6.6666669845581055
MOZ,2002,6.6666669845581055
MOZ,2003,6.6666669845581055
MOZ,2004,6.6666669845581055
MOZ,2005,6.6666669845581055
MOZ,2006,6.6666669845581055
MOZ,2007,7.0833330154418945
MOZ,2008,7.0833330154418945
MOZ,2009,6.6666669845581055
MOZ,2010,6.6666669845581055
MOZ,2011,6.6666669845581055
MOZ,2012,6.6666669845581055
MOZ,2013,6.6666669845581055
MOZ,2014,6.6666669845581055
MOZ,2015,6.25
MOZ,2016,6.25
MOZ,2017,5.314228057861328
MRT,2000,2.25
MRT,2001,2.6666665077209473
MRT,2002,2.6666665077209473
MRT,2003,2.25
MRT,2004,2.25
MRT,2005,2.9166665077209473
MRT,2006,3.8333332538604736
MRT,2007,6
MRT,2008,2.5
MRT,2009,3.25
MRT,2010,3.25
MRT,2011,3.25
MRT,2012,3.25
MRT,2013,3.25
MRT,2014,3.25
MRT,2015,3.25
MRT,2016,3.25
MRT,2017,2.8565375804901123
MUS,2000,9.583333969116211
MUS,2001,9.583333969116211
MUS,2002,9.583333969116211
MUS,2003,9.583333969116211
MUS,2004,10
MUS,2005,10
MUS,2006,9.583333969116211
MUS,2007,9.583333969116211
MUS,2008,9.583333969116211
MUS,2009,9.583333969116211
MUS,2010,9.583333969116211
MUS,2011,9.583333969116211
MUS,2012,9.583333969116211
MUS,2013,9.583333969116211
MUS,2014,9.583333969116211
MUS,2015,9.583333969116211
MUS,2016,9.583333969116211
MUS,2017,9.410378456115723
MWI,2000,7.3333330154418945
MWI,2001,6.4166669845581055
MWI,2002,6
MWI,2003,6.6666669845581055
MWI,2004,6.5
MWI,2005,6.5
MWI,2006,6.9166669845581055
MWI,2007,6.5
MWI,2008,6.5
MWI,2009,6.9166669845581055
MWI,2010,6.9166669845581055
MWI,2011,6.9166669845581055
MWI,2012,6.9166669845581055
MWI,2013,6.9166669845581055
MWI,2014,6.9166669845581055
MWI,2015,7.3333330154418945
MWI,2016,7.3333330154418945
MWI,2017,6.952688217163086
MYS,2000,4.916666507720947
MYS,2000,<NA>
MYS,2001,4.916666507720947
MYS,2001,<NA>
MYS,2002,4.916666507720947
MYS,2002,<NA>
MYS,2003,5.3333330154418945
MYS,2003,<NA>
MYS,2004,5.75
MYS,2004,<NA>
MYS,2005,5.75
MYS,2005,<NA>
MYS,2006,5.75
MYS,2006,<NA>
MYS,2007,5.75
MYS,2007,<NA>
MYS,2008,6.5
MYS,2008,<NA>
MYS,2009,6.5
MYS,2009,<NA>
MYS,2010,6.5
MYS,2010,<NA>
MYS,2011,6.5
MYS,2011,<NA>
MYS,2012,6.5
MYS,2012,<NA>
MYS,2013,6.5
MYS,2013,<NA>
MYS,2014,6.25
MYS,2014,<NA>
MYS,2015,6.25
MYS,2015,<NA>
MYS,2016,6.25
MYS,2016,<NA>
MYS,2017,5.314228057861328
MYS,2017,<NA>
NAM,2000,7.75
NAM,2001,7.75
NAM,2002,7.75
NAM,2003,7.75
NAM,2004,7.75
NAM,2005,8.166666030883789
NAM,2006,8.166666030883789
NAM,2007,8.166666030883789
NAM,2008,8.166666030883789
NAM,2009,8.166666030883789
NAM,2010,8.166666030883789
NAM,2011,8.166666030883789
NAM,2012,8.166666030883789
NAM,2013,8.166666030883789
NAM,2014,8.166666030883789
NAM,2015,8.166666030883789
NAM,2016,8.166666030883789
NAM,2017,8.591148376464844
NER,2000,6.25
NER,2001,6.25
NER,2002,6.25
NER,2003,6.25
NER,2004,7.3333330154418945
NER,2005,7.3333330154418945
NER,2006,7.3333330154418945
NER,2007,6.9166669845581055
NER,2008,6.9166669845581055
NER,2009,3.8333332538604736
NER,2010,5.3333330154418945
NER,2011,6.9166669845581055
NER,2012,6.9166669845581055
NER,2013,6.9166669845581055
NER,2014,6.9166669845581055
NER,2015,6.9166669845581055
NER,2016,6.25
NER,2017,5.314228057861328
NGA,2000,6
NGA,2001,5.5833330154418945
NGA,2002,5.5833330154418945
NGA,2003,6
NGA,2004,6
NGA,2005,6
NGA,2006,6
NGA,2007,6
NGA,2008,5.5833330154418945
NGA,2009,5.5833330154418945
NGA,2010,6
NGA,2011,6
NGA,2012,5.5833330154418945
NGA,2013,5.5833330154418945
NGA,2014,5.5833330154418945
NGA,2015,6.3333330154418945
NGA,2016,6.75
NGA,2017,5.314228057861328
NIC,2000,7.8333330154418945
NIC,2001,7.8333330154418945
NIC,2002,7.8333330154418945
NIC,2003,7.8333330154418945
NIC,2004,7.8333330154418945
NIC,2005,7.8333330154418945
NIC,2006,7.8333330154418945
NIC,2007,8.083333015441895
NIC,2008,7.6666669845581055
NIC,2009,7.25
NIC,2010,7.25
NIC,2011,6.8333330154418945
NIC,2012,6.8333330154418945
NIC,2013,7.6666669845581055
NIC,2014,7.6666669845581055
NIC,2015,7.6666669845581055
NIC,2016,6.0833330154418945
NIC,2017,4.494997501373291
NLD,2000,10
NLD,2001,10
NLD,2002,10
NLD,2003,10
NLD,2004,10
NLD,2005,10
NLD,2006,10
NLD,2007,10
NLD,2008,10
NLD,2009,10
NLD,2010,10
NLD,2011,10
NLD,2012,10
NLD,2013,10
NLD,2014,10
NLD,2015,10
NLD,2016,10
NLD,2017,10
NOR,2000,10
NOR,2001,10
NOR,2002,10
NOR,2003,10
NOR,2004,10
NOR,2005,10
NOR,2006,10
NOR,2007,10
NOR,2008,10
NOR,2009,10
NOR,2010,10
NOR,2011,10
NOR,2012,10
NOR,2013,10
NOR,2014,10
NOR,2015,10
NOR,2016,10
NOR,2017,10
NPL,2000,6.9166669845581055
NPL,2001,6.9166669845581055
NPL,2002,3.5
NPL,2003,3.0833332538604736
NPL,2004,2.6666665077209473
NPL,2005,2.25
NPL,2006,6.0833330154418945
NPL,2007,6.0833330154418945
NPL,2008,6.5
NPL,2009,6.5
NPL,2010,6.5
NPL,2011,6.5
NPL,2012,6.5
NPL,2013,6.5
NPL,2014,6.9166669845581055
NPL,2015,6.9166669845581055
NPL,2016,6.9166669845581055
NPL,2017,6.133458137512207
NRU,2000,8.591148376464844
NRU,2001,8.591148376464844
NRU,2002,9.410378456115723
NRU,2003,10
NRU,2004,10
NRU,2005,10
NRU,2006,10
NRU,2007,10
NRU,2008,10
NRU,2009,10
NRU,2010,10
NRU,2011,10
NRU,2012,10
NRU,2013,10
NRU,2014,9.410378456115723
NRU,2015,8.591148376464844
NRU,2016,8.591148376464844
NRU,2017,8.591148376464844
NZL,2000,10
NZL,2001,10
NZL,2002,10
NZL,2003,10
NZL,2004,10
NZL,2005,10
NZL,2006,10
NZL,2007,10
NZL,2008,10
NZL,2009,10
NZL,2010,10
NZL,2011,10
NZL,2012,10
NZL,2013,10
NZL,2014,10
NZL,2015,10
NZL,2016,10
NZL,2017,10
OMN,2000,1.5
OMN,2001,1.5
OMN,2002,1.75
OMN,2003,1.75
OMN,2004,1.75
OMN,2005,1.75
OMN,2006,1.75
OMN,2007,1.75
OMN,2008,1.75
OMN,2009,1.75
OMN,2010,1.75
OMN,2011,1.75
OMN,2012,1.75
OMN,2013,1.75
OMN,2014,1.75
OMN,2015,1.75
OMN,2016,1.75
OMN,2017,2.8565375804901123
PAK,2000,2.25
PAK,2000,<NA>
PAK,2001,2.25
PAK,2001,<NA>
PAK,2002,2.5
PAK,2002,<NA>
PAK,2003,2.5
PAK,2003,<NA>
PAK,2004,2.5
PAK,2004,<NA>
PAK,2005,2.5
PAK,2005,<NA>
PAK,2006,2.5
PAK,2006,<NA>
PAK,2007,4.25
PAK,2007,<NA>
PAK,2008,5.8333330154418945
PAK,2008,<NA>
PAK,2009,5.8333330154418945
PAK,2009,<NA>
PAK,2010,6.0833330154418945
PAK,2010,<NA>
PAK,2011,6.0833330154418945
PAK,2011,<NA>
PAK,2012,6.0833330154418945
PAK,2012,<NA>
PAK,2013,6.3333330154418945
PAK,2013,<NA>
PAK,2014,6.3333330154418945
PAK,2014,<NA>
PAK,2015,6.3333330154418945
PAK,2015,<NA>
PAK,2016,6.3333330154418945
PAK,2016,<NA>
PAK,2017,4.494997501373291
PAK,2017,<NA>
PAN,2000,9.333333969116211
PAN,2001,9.333333969116211
PAN,2002,9.333333969116211
PAN,2003,9.333333969116211
PAN,2004,9.333333969116211
PAN,2005,9.333333969116211
PAN,2006,9.333333969116211
PAN,2007,9.333333969116211
PAN,2008,9.333333969116211
PAN,2009,9.333333969116211
PAN,2010,9.333333969116211
PAN,2011,9.333333969116211
PAN,2012,9.333333969116211
PAN,2013,8.916666030883789
PAN,2014,8.916666030883789
PAN,2015,8.916666030883789
PAN,2016,8.916666030883789
PAN,2017,8.591148376464844
PER,2000,6.6666669845581055
PER,2001,8.916666030883789
PER,2002,8.5
PER,2003,8.5
PER,2004,8.5
PER,2005,8.5
PER,2006,8.5
PER,2007,8.5
PER,2008,8.5
PER,2009,8.5
PER,2010,8.5
PER,2011,8.5
PER,2012,8.5
PER,2013,8.5
PER,2014,8.5
PER,2015,8.5
PER,2016,8.5
PER,2017,7.771918296813965
PHL,2000,8.25
PHL,2001,8.25
PHL,2002,8.25
PHL,2003,8.25
PHL,2004,8.25
PHL,2005,7.8333330154418945
PHL,2006,7.8333330154418945
PHL,2007,7.4166669845581055
PHL,2008,7.4166669845581055
PHL,2009,7.4166669845581055
PHL,2010,7.8333330154418945
PHL,2011,7.8333330154418945
PHL,2012,7.8333330154418945
PHL,2013,7.8333330154418945
PHL,2014,7.8333330154418945
PHL,2015,7.8333330154418945
PHL,2016,7.8333330154418945
PHL,2017,6.952688217163086
PLW,2000,9.410378456115723
PLW,2001,9.410378456115723
PLW,2002,9.410378456115723
PLW,2003,10
PLW,2004,10
PLW,2005,10
PLW,2006,10
PLW,2007,10
PLW,2008,10
PLW,2009,10
PLW,2010,10
PLW,2011,10
PLW,2012,10
PLW,2013,10
PLW,2014,10
PLW,2015,10
PLW,2016,10
PLW,2017,10
PNG,2000,7.25
PNG,2001,7.25
PNG,2002,7.25
PNG,2003,6.8333330154418945
PNG,2004,6.8333330154418945
PNG,2005,6.8333330154418945
PNG,2006,6.8333330154418945
PNG,2007,6.8333330154418945
PNG,2008,6.4166669845581055
PNG,2009,6.4166669845581055
PNG,2010,6.4166669845581055
PNG,2011,6.4166669845581055
PNG,2012,6.6666669845581055
PNG,2013,7.0833330154418945
PNG,2014,6.6666669845581055
PNG,2015,6.6666669845581055
PNG,2016,7.0833330154418945
PNG,2017,6.952688217163086
POL,2000,9.333333969116211
POL,2001,9.333333969116211
POL,2002,9.583333969116211
POL,2003,9.583333969116211
POL,2004,10
POL,2005,10
POL,2006,10
POL,2007,10
POL,2008,10
POL,2009,10
POL,2010,10
POL,2011,10
POL,2012,10
POL,2013,10
POL,2014,10
POL,2015,10
POL,2016,9.583333969116211
POL,2017,9.410378456115723
PRK,2000,0
PRK,2001,0
PRK,2002,0
PRK,2003,0
PRK,2004,0
PRK,2005,0
PRK,2006,0
PRK,2007,0
PRK,2008,0
PRK,2009,0
PRK,2010,0
PRK,2011,0
PRK,2012,0
PRK,2013,0
PRK,2014,0
PRK,2015,0
PRK,2016,0
PRK,2017,0.3988471031188965
PRT,2000,10
PRT,2001,10
PRT,2002,10
PRT,2003,10
PRT,2004,10
PRT,2005,10
PRT,2006,10
PRT,2007,10
PRT,2008,10
PRT,2009,10
PRT,2010,10
PRT,2011,10
PRT,2012,10
PRT,2013,10
PRT,2014,10
PRT,2015,10
PRT,2016,10
PRT,2017,10
PRY,2000,7.1666669845581055
PRY,2001,7.1666669845581055
PRY,2002,7.1666669845581055
PRY,2003,7.8333330154418945
PRY,2004,7.8333330154418945
PRY,2005,7.8333330154418945
PRY,2006,7.8333330154418945
PRY,2007,7.8333330154418945
PRY,2008,7.8333330154418945
PRY,2009,7.8333330154418945
PRY,2010,7.8333330154418945
PRY,2011,7.8333330154418945
PRY,2012,7.8333330154418945
PRY,2013,8.083333015441895
PRY,2014,8.083333015441895
PRY,2015,8.083333015441895
PRY,2016,8.083333015441895
PRY,2017,6.952688217163086
QAT,2000,0.8333333134651184
QAT,2001,0.8333333134651184
QAT,2002,0.8333333134651184
QAT,2003,0.8333333134651184
QAT,2004,1.25
QAT,2005,1.25
QAT,2006,1.25
QAT,2007,1.25
QAT,2008,1.25
QAT,2009,1.25
QAT,2010,1.25
QAT,2011,1.25
QAT,2012,1.25
QAT,2013,1.25
QAT,2014,1.25
QAT,2015,1.25
QAT,2016,1.25
QAT,2017,2.8565375804901123
ROU,2000,8.666666030883789
ROU,2001,8.666666030883789
ROU,2002,8.666666030883789
ROU,2003,8.666666030883789
ROU,2004,8.5
ROU,2005,8.916666030883789
ROU,2006,8.916666030883789
ROU,2007,8.916666030883789
ROU,2008,8.916666030883789
ROU,2009,8.916666030883789
ROU,2010,8.916666030883789
ROU,2011,8.916666030883789
ROU,2012,8.916666030883789
ROU,2013,8.916666030883789
ROU,2014,8.916666030883789
ROU,2015,8.916666030883789
ROU,2016,8.916666030883789
ROU,2017,8.591148376464844
RUS,2000,5.666666507720947
RUS,2001,5.666666507720947
RUS,2002,5.666666507720947
RUS,2003,5.666666507720947
RUS,2004,5.25
RUS,2005,5.25
RUS,2006,5.25
RUS,2007,4.75
RUS,2008,4.75
RUS,2009,4.75
RUS,2010,4.75
RUS,2011,4.75
RUS,2012,4.75
RUS,2013,4.75
RUS,2014,4.333333492279053
RUS,2015,4.333333492279053
RUS,2016,3.9166667461395264
RUS,2017,1.2180771827697754
RWA,2000,1.9166666269302368
RWA,2001,1.9166666269302368
RWA,2002,2.3333332538604736
RWA,2003,3
RWA,2004,3
RWA,2005,3
RWA,2006,3
RWA,2007,3
RWA,2008,3
RWA,2009,3
RWA,2010,2.75
RWA,2011,2.75
RWA,2012,2.3333332538604736
RWA,2013,3
RWA,2014,2.5833332538604736
RWA,2015,2.5833332538604736
RWA,2016,2.5833332538604736
RWA,2017,2.0373072624206543
SAU,2000,0
SAU,2001,0
SAU,2002,0
SAU,2003,0
SAU,2004,0
SAU,2005,0.4166666567325592
SAU,2006,0.4166666567325592
SAU,2007,0.4166666567325592
SAU,2008,0.4166666567325592
SAU,2009,0.4166666567325592
SAU,2010,0.4166666567325592
SAU,2011,0
SAU,2012,0
SAU,2013,0
SAU,2014,0
SAU,2015,0
SAU,2016,0
SAU,2017,0.3988471031188965
SCG,2000,6.75
SCG,2001,7.5833330154418945
SCG,2002,8
SCG,2003,7.75
SCG,2004,7.75
SCG,2005,7.75
SCG,2006,<NA>
SCG,2007,<NA>
SCG,2008,<NA>
SCG,2009,<NA>
SCG,2010,<NA>
SCG,2011,<NA>
SCG,2012,<NA>
SCG,2013,<NA>
SCG,2014,<NA>
SCG,2015,<NA>
SCG,2016,<NA>
SCG,2017,<NA>
SDN,2000,<NA>
SDN,2000,0.75
SDN,2001,<NA>
SDN,2001,0.75
SDN,2002,<NA>
SDN,2002,1
SDN,2003,<NA>
SDN,2003,1
SDN,2004,<NA>
SDN,2004,1
SDN,2005,<NA>
SDN,2005,1.5
SDN,2006,<NA>
SDN,2006,1.5
SDN,2007,<NA>
SDN,2007,1.5
SDN,2008,<NA>
SDN,2008,1.5
SDN,2009,<NA>
SDN,2009,1.5
SDN,2010,<NA>
SDN,2010,2
SDN,2011,<NA>
SDN,2011,2
SDN,2012,1.5
SDN,2012,<NA>
SDN,2013,1.5
SDN,2013,<NA>
SDN,2014,1.5
SDN,2014,<NA>
SDN,2015,1.5
SDN,2015,<NA>
SDN,2016,1.5
SDN,2016,<NA>
SDN,2017,0.3988471031188965
SDN,2017,<NA>
SEN,2000,7.4166669845581055
SEN,2001,7.4166669845581055
SEN,2002,8.25
SEN,2003,8.25
SEN,2004,8.25
SEN,2005,8.25
SEN,2006,8.25
SEN,2007,8
SEN,2008,7.5833330154418945
SEN,2009,7.5833330154418945
SEN,2010,7.5833330154418945
SEN,2011,7.5833330154418945
SEN,2012,8
SEN,2013,8.416666030883789
SEN,2014,8.416666030883789
SEN,2015,8.416666030883789
SEN,2016,8.416666030883789
SEN,2017,8.591148376464844
SGP,2000,3.6666665077209473
SGP,2001,3.6666665077209473
SGP,2002,4.0833330154418945
SGP,2003,4.0833330154418945
SGP,2004,4.0833330154418945
SGP,2005,4.0833330154418945
SGP,2006,4.0833330154418945
SGP,2007,4.0833330154418945
SGP,2008,4.0833330154418945
SGP,2009,4.0833330154418945
SGP,2010,4.0833330154418945
SGP,2011,4.5
SGP,2012,4.5
SGP,2013,4.5
SGP,2014,4.5
SGP,2015,4.5
SGP,2016,4.5
SGP,2017,5.314228057861328
SLB,2000,5
SLB,2001,5
SLB,2002,5.8333330154418945
SLB,2003,6.952688217163086
SLB,2004,7.8333330154418945
SLB,2005,7.8333330154418945
SLB,2006,7.4166669845581055
SLB,2007,7.4166669845581055
SLB,2008,7.4166669845581055
SLB,2009,7.4166669845581055
SLB,2010,7.4166669845581055
SLB,2011,7.4166669845581055
SLB,2012,7.4166669845581055
SLB,2013,7.4166669845581055
SLB,2014,7.8333330154418945
SLB,2015,7.8333330154418945
SLB,2016,8.25
SLB,2017,7.771918296813965
SLE,2000,4.5833330154418945
SLE,2001,5.0833330154418945
SLE,2002,6.25
SLE,2003,6.6666669845581055
SLE,2004,6.6666669845581055
SLE,2005,6.6666669845581055
SLE,2006,6.6666669845581055
SLE,2007,7.5833330154418945
SLE,2008,7.5833330154418945
SLE,2009,7.5833330154418945
SLE,2010,7.5833330154418945
SLE,2011,7.5833330154418945
SLE,2012,8
SLE,2013,7.5833330154418945
SLE,2014,7.5833330154418945
SLE,2015,7.5833330154418945
SLE,2016,7.5833330154418945
SLE,2017,6.952688217163086
SLV,2000,8
SLV,2001,8
SLV,2002,8
SLV,2003,8
SLV,2004,8
SLV,2005,8
SLV,2006,8
SLV,2007,8
SLV,2008,8
SLV,2009,8.25
SLV,2010,8.25
SLV,2011,8.25
SLV,2012,8.25
SLV,2013,8.25
SLV,2014,8.25
SLV,2015,8.25
SLV,2016,8.25
SLV,2017,7.771918296813965
SMR,2000,10
SMR,2001,10
SMR,2002,10
SMR,2003,10
SMR,2004,10
SMR,2005,10
SMR,2006,10
SMR,2007,10
SMR,2008,10
SMR,2009,10
SMR,2010,10
SMR,2011,10
SMR,2012,10
SMR,2013,10
SMR,2014,10
SMR,2015,10
SMR,2016,10
SMR,2017,10
SOM,2000,2.9166667461395264
SOM,2001,2.9166667461395264
SOM,2002,2.9166667461395264
SOM,2003,2.9166667461395264
SOM,2004,2.9166667461395264
SOM,2005,2.9166667461395264
SOM,2006,2.5
SOM,2007,2.5
SOM,2008,2.5
SOM,2009,2.5
SOM,2010,2.5
SOM,2011,0.3988471031188965
SOM,2012,3.75
SOM,2013,3.75
SOM,2014,3.75
SOM,2015,3.75
SOM,2016,3.75
SOM,2017,0.3988471031188965
SRB,2000,<NA>
SRB,2001,<NA>
SRB,2002,<NA>
SRB,2003,<NA>
SRB,2004,<NA>
SRB,2005,<NA>
SRB,2006,8.25
SRB,2007,8.25
SRB,2008,8.25
SRB,2009,8.666666030883789
SRB,2010,8.666666030883789
SRB,2011,8.666666030883789
SRB,2012,8.666666030883789
SRB,2013,8.666666030883789
SRB,2014,8.666666030883789
SRB,2015,8.666666030883789
SRB,2016,8.25
SRB,2017,7.771918296813965
SSD,2000,<NA>
SSD,2001,<NA>
SSD,2002,<NA>
SSD,2003,<NA>
SSD,2004,<NA>
SSD,2005,<NA>
SSD,2006,<NA>
SSD,2007,<NA>
SSD,2008,<NA>
SSD,2009,<NA>
SSD,2010,<NA>
SSD,2011,3.75
SSD,2012,3.75
SSD,2013,3.3333332538604736
SSD,2014,2.9166667461395264
SSD,2015,2.9166667461395264
SSD,2016,2.5
SSD,2017,0.3988471031188965
STP,2000,9.410378456115723
STP,2001,9.410378456115723
STP,2002,9.410378456115723
STP,2003,8.591148376464844
STP,2004,8.591148376464844
STP,2005,8.591148376464844
STP,2006,8.591148376464844
STP,2007,8.591148376464844
STP,2008,8.591148376464844
STP,2009,8.591148376464844
STP,2010,8.591148376464844
STP,2011,8.591148376464844
STP,2012,8.591148376464844
STP,2013,8.591148376464844
STP,2014,8.591148376464844
STP,2015,8.591148376464844
STP,2016,8.591148376464844
STP,2017,8.591148376464844
SUN,2000,<NA>
SUN,2001,<NA>
SUN,2002,<NA>
SUN,2003,<NA>
SUN,2004,<NA>
SUN,2005,<NA>
SUN,2006,<NA>
SUN,2007,<NA>
SUN,2008,<NA>
SUN,2009,<NA>
SUN,2010,<NA>
SUN,2011,<NA>
SUN,2012,<NA>
SUN,2013,<NA>
SUN,2014,<NA>
SUN,2015,<NA>
SUN,2016,<NA>
SUN,2017,<NA>
SUR,2000,8.333333969116211
SUR,2001,8.333333969116211
SUR,2002,8.333333969116211
SUR,2003,8.333333969116211
SUR,2004,8.333333969116211
SUR,2005,7.916666507720947
SUR,2006,7.916666507720947
SUR,2007,7.916666507720947
SUR,2008,7.916666507720947
SUR,2009,7.916666507720947
SUR,2010,7.916666507720947
SUR,2011,7.916666507720947
SUR,2012,7.916666507720947
SUR,2013,7.916666507720947
SUR,2014,7.916666507720947
SUR,2015,7.5
SUR,2016,7.5
SUR,2017,8.591148376464844
SVK,2000,9.333333969116211
SVK,2001,9.333333969116211
SVK,2002,9.333333969116211
SVK,2003,9.333333969116211
SVK,2004,9.75
SVK,2005,9.75
SVK,2006,10
SVK,2007,10
SVK,2008,10
SVK,2009,10
SVK,2010,10
SVK,2011,10
SVK,2012,10
SVK,2013,10
SVK,2014,10
SVK,2015,10
SVK,2016,10
SVK,2017,10
SVN,2000,9.583333969116211
SVN,2001,9.583333969116211
SVN,2002,10
SVN,2003,10
SVN,2004,10
SVN,2005,10
SVN,2006,10
SVN,2007,10
SVN,2008,10
SVN,2009,10
SVN,2010,10
SVN,2011,10
SVN,2012,10
SVN,2013,10
SVN,2014,10
SVN,2015,10
SVN,2016,10
SVN,2017,10
SWE,2000,10
SWE,2001,10
SWE,2002,10
SWE,2003,10
SWE,2004,10
SWE,2005,10
SWE,2006,10
SWE,2007,10
SWE,2008,10
SWE,2009,10
SWE,2010,10
SWE,2011,10
SWE,2012,10
SWE,2013,10
SWE,2014,10
SWE,2015,10
SWE,2016,10
SWE,2017,10
SWZ,2000,1.5
SWZ,2001,1.5
SWZ,2002,1.5
SWZ,2003,1.0833332538604736
SWZ,2004,1.0833332538604736
SWZ,2005,1.0833332538604736
SWZ,2006,1.0833332538604736
SWZ,2007,1.0833332538604736
SWZ,2008,1.0833332538604736
SWZ,2009,1.0833332538604736
SWZ,2010,1.0833332538604736
SWZ,2011,1.0833332538604736
SWZ,2012,1.0833332538604736
SWZ,2013,1.0833332538604736
SWZ,2014,1.0833332538604736
SWZ,2015,1.0833332538604736
SWZ,2016,1.0833332538604736
SWZ,2017,1.2180771827697754
SYC,2000,6.952688217163086
SYC,2001,6.952688217163086
SYC,2002,6.952688217163086
SYC,2003,6.952688217163086
SYC,2004,6.952688217163086
SYC,2005,6.952688217163086
SYC,2006,6.952688217163086
SYC,2007,6.952688217163086
SYC,2008,6.952688217163086
SYC,2009,6.952688217163086
SYC,2010,6.952688217163086
SYC,2011,6.952688217163086
SYC,2012,6.952688217163086
SYC,2013,6.952688217163086
SYC,2014,6.952688217163086
SYC,2015,6.952688217163086
SYC,2016,6.952688217163086
SYC,2017,6.952688217163086
SYR,2000,0.75
SYR,2001,0.75
SYR,2002,0.75
SYR,2003,0.75
SYR,2004,0.75
SYR,2005,0.75
SYR,2006,1.1666666269302368
SYR,2007,1.1666666269302368
SYR,2008,1.1666666269302368
SYR,2009,1.1666666269302368
SYR,2010,1.1666666269302368
SYR,2011,0.75
SYR,2012,0.25
SYR,2013,0.25
SYR,2014,0.25
SYR,2015,0.25
SYR,2016,0.25
SYR,2017,0.3988471031188965
TCD,2000,3.25
TCD,2001,3.25
TCD,2002,3.25
TCD,2003,3.25
TCD,2004,3.25
TCD,2005,3.25
TCD,2006,2.8333332538604736
TCD,2007,2.4166667461395264
TCD,2008,2.4166667461395264
TCD,2009,2.4166667461395264
TCD,2010,2.4166667461395264
TCD,2011,2.4166667461395264
TCD,2012,2.4166667461395264
TCD,2013,2.4166667461395264
TCD,2014,2.4166667461395264
TCD,2015,2.4166667461395264
TCD,2016,2.4166667461395264
TCD,2017,1.2180771827697754
TGO,2000,3.6666665077209473
TGO,2001,3.6666665077209473
TGO,2002,3.25
TGO,2003,3.25
TGO,2004,3.25
TGO,2005,2.75
TGO,2006,2.75
TGO,2007,3.1666665077209473
TGO,2008,3.1666665077209473
TGO,2009,3.5833332538604736
TGO,2010,4.0833330154418945
TGO,2011,4.0833330154418945
TGO,2012,4.0833330154418945
TGO,2013,4.5
TGO,2014,4.5
TGO,2015,4.5
TGO,2016,4.5
TGO,2017,5.314228057861328
THA,2000,8.5
THA,2001,8.5
THA,2002,8.5
THA,2003,8.5
THA,2004,8.5
THA,2005,8.083333015441895
THA,2006,2.5
THA,2007,3.9166665077209473
THA,2008,5.5833330154418945
THA,2009,5.5833330154418945
THA,2010,5.5833330154418945
THA,2011,6.75
THA,2012,6.75
THA,2013,6.75
THA,2014,3
THA,2015,3
THA,2016,3
THA,2017,2.8565375804901123
TJK,2000,3.0833332538604736
TJK,2001,3.0833332538604736
TJK,2002,3.5
TJK,2003,3
TJK,2004,3
TJK,2005,3
TJK,2006,3
TJK,2007,3
TJK,2008,3
TJK,2009,3
TJK,2010,3
TJK,2011,3
TJK,2012,2.5833332538604736
TJK,2013,2.5833332538604736
TJK,2014,2.5833332538604736
TJK,2015,2.1666667461395264
TJK,2016,2.1666667461395264
TJK,2017,1.2180771827697754
TKM,2000,0.25
TKM,2001,0.25
TKM,2002,0.25
TKM,2003,0.25
TKM,2004,0.25
TKM,2005,0.25
TKM,2006,0.25
TKM,2007,0.25
TKM,2008,0.25
TKM,2009,0.25
TKM,2010,0.25
TKM,2011,0.25
TKM,2012,0.25
TKM,2013,0.5
TKM,2014,0.5
TKM,2015,0.5
TKM,2016,0.5
TKM,2017,0.3988471031188965
TLS,2000,<NA>
TLS,2001,<NA>
TLS,2002,7.3333330154418945
TLS,2003,7.3333330154418945
TLS,2004,7.3333330154418945
TLS,2005,7.3333330154418945
TLS,2006,7.1666669845581055
TLS,2007,7.1666669845581055
TLS,2008,7.1666669845581055
TLS,2009,7.1666669845581055
TLS,2010,7.1666669845581055
TLS,2011,7.1666669845581055
TLS,2012,7.4166669845581055
TLS,2013,7.4166669845581055
TLS,2014,7.8333330154418945
TLS,2015,7.8333330154418945
TLS,2016,7.8333330154418945
TLS,2017,7.771918296813965
TON,2000,5.314228057861328
TON,2001,5.314228057861328
TON,2002,5.314228057861328
TON,2003,5.314228057861328
TON,2004,5.314228057861328
TON,2005,5.314228057861328
TON,2006,5.314228057861328
TON,2007,5.314228057861328
TON,2008,5.314228057861328
TON,2009,5.314228057861328
TON,2010,6.952688217163086
TON,2011,6.952688217163086
TON,2012,7.771918296813965
TON,2013,8.591148376464844
TON,2014,8.591148376464844
TON,2015,8.591148376464844
TON,2016,8.591148376464844
TON,2017,8.591148376464844
TTO,2000,9.166666030883789
TTO,2001,8.333333015441895
TTO,2002,8.333333015441895
TTO,2003,8.333333015441895
TTO,2004,8.333333015441895
TTO,2005,8.75
TTO,2006,9.166666030883789
TTO,2007,9.166666030883789
TTO,2008,9.166666030883789
TTO,2009,9.166666030883789
TTO,2010,9.166666030883789
TTO,2011,9.166666030883789
TTO,2012,9.166666030883789
TTO,2013,9.166666030883789
TTO,2014,9.166666030883789
TTO,2015,9.166666030883789
TTO,2016,9.166666030883789
TTO,2017,8.591148376464844
TUN,2000,3
TUN,2001,3
TUN,2002,2.75
TUN,2003,2.75
TUN,2004,2.75
TUN,2005,2.75
TUN,2006,2.75
TUN,2007,2.3333332538604736
TUN,2008,2.3333332538604736
TUN,2009,2.3333332538604736
TUN,2010,2.3333332538604736
TUN,2011,6.4166669845581055
TUN,2012,6.6666669845581055
TUN,2013,7.3333330154418945
TUN,2014,8.416666030883789
TUN,2015,8.416666030883789
TUN,2016,8.416666030883789
TUN,2017,7.771918296813965
TUR,2000,6.3333330154418945
TUR,2001,6.3333330154418945
TUR,2002,7.1666669845581055
TUR,2003,7.1666669845581055
TUR,2004,7.5833330154418945
TUR,2005,7.5833330154418945
TUR,2006,7.5833330154418945
TUR,2007,7.5833330154418945
TUR,2008,7.5833330154418945
TUR,2009,7.5833330154418945
TUR,2010,7.5833330154418945
TUR,2011,8.083333015441895
TUR,2012,7.6666669845581055
TUR,2013,7.6666669845581055
TUR,2014,6.1666669845581055
TUR,2015,6.1666669845581055
TUR,2016,3.5833332538604736
TUR,2017,2.8565375804901123
TUV,2000,10
TUV,2001,10
TUV,2002,10
TUV,2003,10
TUV,2004,10
TUV,2005,10
TUV,2006,10
TUV,2007,10
TUV,2008,10
TUV,2009,10
TUV,2010,10
TUV,2011,10
TUV,2012,10
TUV,2013,10
TUV,2014,10
TUV,2015,10
TUV,2016,10
TUV,2017,10
TWN,2000,9.333333969116211
TWN,2001,9.333333969116211
TWN,2002,8.916666030883789
TWN,2003,8.916666030883789
TWN,2004,9.583333969116211
TWN,2005,10
TWN,2006,9.583333969116211
TWN,2007,9.583333969116211
TWN,2008,9.583333969116211
TWN,2009,9.583333969116211
TWN,2010,9.583333969116211
TWN,2011,9.583333969116211
TWN,2012,9.583333969116211
TWN,2013,9.583333969116211
TWN,2014,9.583333969116211
TWN,2015,9.583333969116211
TWN,2016,10
TWN,2017,10
TZA,2000,4.75
TZA,2001,4.75
TZA,2002,5.1666669845581055
TZA,2003,5.1666669845581055
TZA,2004,5.1666669845581055
TZA,2005,5.1666669845581055
TZA,2006,5.1666669845581055
TZA,2007,5.1666669845581055
TZA,2008,5.1666669845581055
TZA,2009,5.1666669845581055
TZA,2010,5.5833330154418945
TZA,2011,5.5833330154418945
TZA,2012,5.5833330154418945
TZA,2013,5.5833330154418945
TZA,2014,5.5833330154418945
TZA,2015,6.1666669845581055
TZA,2016,6.1666669845581055
TZA,2017,5.314228057861328
UGA,2000,2.75
UGA,2001,2.75
UGA,2002,3.1666665077209473
UGA,2003,3.5833332538604736
UGA,2004,3.5833332538604736
UGA,2005,4.3333330154418945
UGA,2006,4.3333330154418945
UGA,2007,4.3333330154418945
UGA,2008,4.3333330154418945
UGA,2009,4.3333330154418945
UGA,2010,4.3333330154418945
UGA,2011,4.3333330154418945
UGA,2012,4.3333330154418945
UGA,2013,3.9166665077209473
UGA,2014,3.5
UGA,2015,3.5
UGA,2016,3.5
UGA,2017,3.675767660140991
UKR,2000,6.5
UKR,2001,6.5
UKR,2002,6.5
UKR,2003,6.5
UKR,2004,6.9166669845581055
UKR,2005,7.75
UKR,2006,8
UKR,2007,8
UKR,2008,8
UKR,2009,8
UKR,2010,7.3333330154418945
UKR,2011,6.9166669845581055
UKR,2012,6.9166669845581055
UKR,2013,6.9166669845581055
UKR,2014,6.8333330154418945
UKR,2015,6.8333330154418945
UKR,2016,6.8333330154418945
UKR,2017,6.952688217163086
URY,2000,10
URY,2001,10
URY,2002,10
URY,2003,10
URY,2004,10
URY,2005,10
URY,2006,10
URY,2007,10
URY,2008,10
URY,2009,10
URY,2010,10
URY,2011,10
URY,2012,10
URY,2013,10
URY,2014,10
URY,2015,10
URY,2016,10
URY,2017,10
USA,2000,10
USA,2001,10
USA,2002,10
USA,2003,10
USA,2004,10
USA,2005,10
USA,2006,10
USA,2007,10
USA,2008,10
USA,2009,10
USA,2010,10
USA,2011,10
USA,2012,10
USA,2013,10
USA,2014,10
USA,2015,10
USA,2016,9.5
USA,2017,9.410378456115723
UZB,2000,0.6666666269302368
UZB,2001,0.6666666269302368
UZB,2002,0.6666666269302368
UZB,2003,0.6666666269302368
UZB,2004,0.6666666269302368
UZB,2005,0.25
UZB,2006,0.25
UZB,2007,0.25
UZB,2008,0.25
UZB,2009,0.25
UZB,2010,0.25
UZB,2011,0.25
UZB,2012,0.25
UZB,2013,0.25
UZB,2014,0.25
UZB,2015,0.25
UZB,2016,0.25
UZB,2017,0.3988471031188965
VCT,2000,9.410378456115723
VCT,2001,9.410378456115723
VCT,2002,9.410378456115723
VCT,2003,9.410378456115723
VCT,2004,9.410378456115723
VCT,2005,9.410378456115723
VCT,2006,9.410378456115723
VCT,2007,9.410378456115723
VCT,2008,9.410378456115723
VCT,2009,9.410378456115723
VCT,2010,10
VCT,2011,10
VCT,2012,10
VCT,2013,10
VCT,2014,10
VCT,2015,10
VCT,2016,10
VCT,2017,10
VDR,2000,<NA>
VDR,2001,<NA>
VDR,2002,<NA>
VDR,2003,<NA>
VDR,2004,<NA>
VDR,2005,<NA>
VDR,2006,<NA>
VDR,2007,<NA>
VDR,2008,<NA>
VDR,2009,<NA>
VDR,2010,<NA>
VDR,2011,<NA>
VDR,2012,<NA>
VDR,2013,<NA>
VDR,2014,<NA>
VDR,2015,<NA>
VDR,2016,<NA>
VDR,2017,<NA>
VEN,2000,6.75
VEN,2001,6.5
VEN,2002,6.9166669845581055
VEN,2003,6.9166669845581055
VEN,2004,6.9166669845581055
VEN,2005,6.5
VEN,2006,6.25
VEN,2007,6.25
VEN,2008,6.25
VEN,2009,3.8333332538604736
VEN,2010,3.4166665077209473
VEN,2011,3.4166665077209473
VEN,2012,3.4166665077209473
VEN,2013,5.166666507720947
VEN,2014,5.166666507720947
VEN,2015,5.166666507720947
VEN,2016,4.75
VEN,2017,2.8565375804901123
VNM,2000,1.1666666269302368
VNM,2000,<NA>
VNM,2001,1.1666666269302368
VNM,2001,<NA>
VNM,2002,1.1666666269302368
VNM,2002,<NA>
VNM,2003,1.1666666269302368
VNM,2003,<NA>
VNM,2004,1.1666666269302368
VNM,2004,<NA>
VNM,2005,1.5833332538604736
VNM,2005,<NA>
VNM,2006,1.5833332538604736
VNM,2006,<NA>
VNM,2007,1.5833332538604736
VNM,2007,<NA>
VNM,2008,1.5833332538604736
VNM,2008,<NA>
VNM,2009,1.5833332538604736
VNM,2009,<NA>
VNM,2010,1.5833332538604736
VNM,2010,<NA>
VNM,2011,1.5833332538604736
VNM,2011,<NA>
VNM,2012,1.5833332538604736
VNM,2012,<NA>
VNM,2013,1.5833332538604736
VNM,2013,<NA>
VNM,2014,1.5833332538604736
VNM,2014,<NA>
VNM,2015,1.5833332538604736
VNM,2015,<NA>
VNM,2016,1.5833332538604736
VNM,2016,<NA>
VNM,2017,2.0373072624206543
VNM,2017,<NA>
VUT,2000,8.591148376464844
VUT,2001,8.591148376464844
VUT,2002,9.410378456115723
VUT,2003,8.591148376464844
VUT,2004,8.591148376464844
VUT,2005,8.591148376464844
VUT,2006,8.591148376464844
VUT,2007,8.591148376464844
VUT,2008,8.591148376464844
VUT,2009,8.591148376464844
VUT,2010,8.591148376464844
VUT,2011,8.591148376464844
VUT,2012,8.591148376464844
VUT,2013,8.591148376464844
VUT,2014,8.591148376464844
VUT,2015,8.591148376464844
VUT,2016,8.591148376464844
VUT,2017,8.591148376464844
WSM,2000,8.591148376464844
WSM,2001,8.591148376464844
WSM,2002,8.591148376464844
WSM,2003,8.591148376464844
WSM,2004,8.591148376464844
WSM,2005,8.591148376464844
WSM,2006,8.591148376464844
WSM,2007,8.591148376464844
WSM,2008,8.591148376464844
WSM,2009,8.591148376464844
WSM,2010,8.591148376464844
WSM,2011,8.591148376464844
WSM,2012,8.591148376464844
WSM,2013,8.591148376464844
WSM,2014,8.591148376464844
WSM,2015,8.591148376464844
WSM,2016,8.591148376464844
WSM,2017,8.591148376464844
XTI,2000,<NA>
XTI,2001,<NA>
XTI,2002,<NA>
XTI,2003,<NA>
XTI,2004,<NA>
XTI,2005,<NA>
XTI,2006,<NA>
XTI,2007,<NA>
XTI,2008,<NA>
XTI,2009,<NA>
XTI,2010,<NA>
XTI,2011,<NA>
XTI,2012,<NA>
XTI,2013,<NA>
XTI,2014,<NA>
XTI,2015,<NA>
XTI,2016,<NA>
XTI,2017,<NA>
YEM,2000,<NA>
YEM,2000,3.25
YEM,2001,<NA>
YEM,2001,2.8333332538604736
YEM,2002,<NA>
YEM,2002,3.25
YEM,2003,<NA>
YEM,2003,3.6666665077209473
YEM,2004,<NA>
YEM,2004,3.6666665077209473
YEM,2005,<NA>
YEM,2005,3.6666665077209473
YEM,2006,<NA>
YEM,2006,3.6666665077209473
YEM,2007,<NA>
YEM,2007,3.6666665077209473
YEM,2008,<NA>
YEM,2008,3.6666665077209473
YEM,2009,<NA>
YEM,2009,3.25
YEM,2010,<NA>
YEM,2010,3.25
YEM,2011,<NA>
YEM,2011,2.8333332538604736
YEM,2012,<NA>
YEM,2012,4.083333492279053
YEM,2013,<NA>
YEM,2013,4.083333492279053
YEM,2014,<NA>
YEM,2014,3.3333332538604736
YEM,2015,<NA>
YEM,2015,2.9166667461395264
YEM,2016,<NA>
YEM,2016,2.9166667461395264
YEM,2017,<NA>
YEM,2017,1.2180771827697754
YMD,2000,<NA>
YMD,2001,<NA>
YMD,2002,<NA>
YMD,2003,<NA>
YMD,2004,<NA>
YMD,2005,<NA>
YMD,2006,<NA>
YMD,2007,<NA>
YMD,2008,<NA>
YMD,2009,<NA>
YMD,2010,<NA>
YMD,2011,<NA>
YMD,2012,<NA>
YMD,2013,<NA>
YMD,2014,<NA>
YMD,2015,<NA>
YMD,2016,<NA>
YMD,2017,<NA>
YUG,2000,<NA>
YUG,2001,<NA>
YUG,2002,<NA>
YUG,2003,<NA>
YUG,2004,<NA>
YUG,2005,<NA>
YUG,2006,<NA>
YUG,2007,<NA>
YUG,2008,<NA>
YUG,2009,<NA>
YUG,2010,<NA>
YUG,2011,<NA>
YUG,2012,<NA>
YUG,2013,<NA>
YUG,2014,<NA>
YUG,2015,<NA>
YUG,2016,<NA>
YUG,2017,<NA>
ZAF,2000,9.333333969116211
ZAF,2001,9.333333969116211
ZAF,2002,9.333333969116211
ZAF,2003,9.333333969116211
ZAF,2004,9.333333969116211
ZAF,2005,9.333333969116211
ZAF,2006,8.916666030883789
ZAF,2007,8.916666030883789
ZAF,2008,8.916666030883789
ZAF,2009,8.916666030883789
ZAF,2010,8.916666030883789
ZAF,2011,8.916666030883789
ZAF,2012,8.916666030883789
ZAF,2013,8.916666030883789
ZAF,2014,8.916666030883789
ZAF,2015,8.916666030883789
ZAF,2016,8.916666030883789
ZAF,2017,8.591148376464844
ZMB,2000,4.8333330154418945
ZMB,2001,5.8333330154418945
ZMB,2002,6.25
ZMB,2003,6.25
ZMB,2004,6.25
ZMB,2005,6.25
ZMB,2006,6.6666669845581055
ZMB,2007,6.6666669845581055
ZMB,2008,7.5833330154418945
ZMB,2009,7.1666669845581055
ZMB,2010,7.1666669845581055
ZMB,2011,7.1666669845581055
ZMB,2012,7.1666669845581055
ZMB,2013,7.1666669845581055
ZMB,2014,7.1666669845581055
ZMB,2015,7.1666669845581055
ZMB,2016,6.5
ZMB,2017,5.314228057861328
ZWE,2000,3
ZWE,2001,2.3333332538604736
ZWE,2002,2.3333332538604736
ZWE,2003,2.3333332538604736
ZWE,2004,1.9166666269302368
ZWE,2005,1.9166666269302368
ZWE,2006,1.9166666269302368
ZWE,2007,1.9166666269302368
ZWE,2008,1.9166666269302368
ZWE,2009,3.5833332538604736
ZWE,2010,3.5833332538604736
ZWE,2011,3.5833332538604736
ZWE,2012,3.5833332538604736
ZWE,2013,4.75
ZWE,2014,4.75
ZWE,2015,5.166666507720947
ZWE,2016,5.166666507720947
ZWE,2017,2.8565375804901123
