entry,year,tobacco_prod
AL,2016,1980
AL,2015,2200
AL,2014,3e3
AL,2013,2900
AL,2012,2e3
AL,2011,1900
AL,2010,1700
AL,2009,1600
AL,2008,1300
AL,2007,900
AL,2006,2e3
AL,2005,1900
AL,2004,2100
AL,2003,1416
AL,2002,2600
AL,2001,3600
AL,2000,6200
AL,1999,7300
AL,1998,7399
AL,1997,7854
AL,1996,6339
AL,1995,5741
AL,1994,3855
AL,1993,13488
AL,1992,12495
AL,1991,7e3
AL,1990,14100
AL,1989,19e3
AL,1988,14e3
AL,1987,25e3
AL,1986,24e3
AL,1985,2e4
AL,1984,19e3
AL,1983,17500
AL,1982,17500
AL,1981,17700
AL,1980,18e3
AL,1979,19e3
AL,1978,14e3
AL,1977,13e3
AL,1976,13e3
AL,1975,14e3
AL,1974,13800
AL,1973,15e3
AL,1972,14e3
AL,1971,12669
AL,1970,12160
AL,1969,10474
AL,1968,1e4
AL,1967,13e3
AL,1966,13662
AL,1965,13175
AL,1964,13544
AL,1963,15981
AL,1962,10351
AL,1961,3152
DZ,2016,9840
DZ,2015,8800
DZ,2014,8707
DZ,2013,7918
DZ,2012,7630
DZ,2011,8281
DZ,2010,7604
DZ,2009,7668
DZ,2008,6374
DZ,2007,6043
DZ,2006,6889
DZ,2005,6500
DZ,2004,7600
DZ,2003,5674
DZ,2002,5847
DZ,2001,7776
DZ,2000,7153
DZ,1999,5597
DZ,1998,6650
DZ,1997,8153
DZ,1996,4045
DZ,1995,2790
DZ,1994,3720
DZ,1993,6877
DZ,1992,6181
DZ,1991,3358
DZ,1990,3578
DZ,1989,3527
DZ,1988,3507
DZ,1987,4620
DZ,1986,3947
DZ,1985,4034
DZ,1984,6339
DZ,1983,3300
DZ,1982,4470
DZ,1981,4798
DZ,1980,3282
DZ,1979,2826
DZ,1978,3254
DZ,1977,2441
DZ,1976,1933
DZ,1975,3358
DZ,1974,2343
DZ,1973,2564
DZ,1972,3366
DZ,1971,4307
DZ,1970,3862
DZ,1969,5880
DZ,1968,6135
DZ,1967,6094
DZ,1966,4743
DZ,1965,3354
DZ,1964,9e3
DZ,1963,7300
DZ,1962,5500
DZ,1961,3e3
AO,2016,2900
AO,2015,2934
AO,2014,2969
AO,2013,3003
AO,2012,3037
AO,2011,3071
AO,2010,3105
AO,2009,3140
AO,2008,3174
AO,2007,3208
AO,2006,3242
AO,2005,3276
AO,2004,3290
AO,2003,3285
AO,2002,3300
AO,2001,3300
AO,2000,3300
AO,1999,3300
AO,1998,3300
AO,1997,3900
AO,1996,3900
AO,1995,3900
AO,1994,3752
AO,1993,4e3
AO,1992,3e3
AO,1991,4e3
AO,1990,4e3
AO,1989,4e3
AO,1988,5e3
AO,1987,4e3
AO,1986,3e3
AO,1985,3e3
AO,1984,3e3
AO,1983,3e3
AO,1982,3e3
AO,1981,3e3
AO,1980,3e3
AO,1979,3e3
AO,1978,3e3
AO,1977,3e3
AO,1976,6850
AO,1975,6992
AO,1974,3032
AO,1973,3551
AO,1972,3970
AO,1971,4120
AO,1970,4120
AO,1969,4378
AO,1968,6804
AO,1967,6300
AO,1966,6950
AO,1965,5829
AO,1964,2739
AO,1963,2400
AO,1962,1400
AO,1961,1308
AR,2016,93671
AR,2015,109106
AR,2014,127085
AR,2013,112348
AR,2012,115334
AR,2011,135241
AR,2010,132870
AR,2009,135531
AR,2008,130381
AR,2007,127740
AR,2006,144345
AR,2005,161064
AR,2004,157294
AR,2003,115837
AR,2002,132437
AR,2001,98110
AR,2000,114509
AR,1999,113400
AR,1998,116510
AR,1997,123206
AR,1996,98201
AR,1995,79011
AR,1994,81957
AR,1993,112305
AR,1992,109157
AR,1991,94504
AR,1990,67634
AR,1989,80459
AR,1988,72235
AR,1987,69765
AR,1986,66361
AR,1985,60243
AR,1984,78301
AR,1983,74254
AR,1982,68677
AR,1981,50889
AR,1980,62044
AR,1979,7e4
AR,1978,63e3
AR,1977,9e4
AR,1976,94600
AR,1975,97800
AR,1974,97700
AR,1973,71e3
AR,1972,73600
AR,1971,61700
AR,1970,66e3
AR,1969,53500
AR,1968,62e3
AR,1967,63e3
AR,1966,44700
AR,1965,52500
AR,1964,48600
AR,1963,55e3
AR,1962,47200
AR,1961,48400
AM,2016,1132
AM,2015,1516
AM,2014,1253
AM,2013,1678
AM,2012,1817
AM,2011,2386
AM,2010,1376
AM,2009,1055
AM,2008,538
AM,2007,268
AM,2006,171
AM,2005,481
AM,2004,1052
AM,2003,1204
AM,2002,2714
AM,2001,2541
AM,2000,4577
AM,1999,1855
AM,1998,200
AM,1997,40
AM,1996,23
AM,1995,200
AM,1994,500
AM,1993,1600
AM,1992,1484
AU,2016,1844
AU,2015,1906
AU,2014,2064
AU,2013,2224
AU,2012,2532
AU,2011,2840
AU,2010,3148
AU,2009,3503
AU,2008,3941
AU,2007,3984
AU,2006,4e3
AU,2005,3605
AU,2004,3782
AU,2003,6461
AU,2002,9e3
AU,2001,9e3
AU,2000,7762
AU,1999,7050
AU,1998,8460
AU,1997,8648
AU,1996,8554
AU,1995,6777
AU,1994,8358
AU,1993,11321
AU,1992,11496
AU,1991,12614
AU,1990,12299
AU,1989,11397
AU,1988,12725
AU,1987,12160
AU,1986,10683
AU,1985,12475
AU,1984,14428
AU,1983,13400
AU,1982,13265
AU,1981,14546
AU,1980,15095
AU,1979,15004
AU,1978,15055
AU,1977,16120
AU,1976,14928
AU,1975,15462
AU,1974,16375
AU,1973,16963
AU,1972,16014
AU,1971,18830
AU,1970,18931
AU,1969,17155
AU,1968,12446
AU,1967,14049
AU,1966,13776
AU,1965,12643
AU,1964,17290
AU,1963,13669
AU,1962,11368
AU,1961,15035
AT,2016,143
AT,2015,147
AT,2014,154
AT,2013,161
AT,2012,165
AT,2011,132
AT,2010,0
AT,2009,112
AT,2008,0
AT,2007,400
AT,2006,304
AT,2005,247
AT,2004,234
AT,2003,332
AT,2002,328
AT,2001,284
AT,2000,322
AT,1999,227
AT,1998,234
AT,1997,227
AT,1996,189
AT,1995,263
AT,1994,353
AT,1993,393
AT,1992,320
AT,1991,320
AT,1990,418
AT,1989,404
AT,1988,458
AT,1987,417
AT,1986,461
AT,1985,451
AT,1984,486
AT,1983,465
AT,1982,421
AT,1981,437
AT,1980,431
AT,1979,337
AT,1978,380
AT,1977,585
AT,1976,587
AT,1975,412
AT,1974,561
AT,1973,591
AT,1972,370
AT,1971,630
AT,1970,596
AT,1969,677
AT,1968,632
AT,1967,544
AT,1966,595
AT,1965,596
AT,1964,766
AT,1963,657
AT,1962,452
AT,1961,608
AZ,2016,3585
AZ,2015,3466
AZ,2014,2858
AZ,2013,3452
AZ,2012,4278
AZ,2011,3587
AZ,2010,3243
AZ,2009,2609
AZ,2008,2485
AZ,2007,2914
AZ,2006,4845
AZ,2005,7135
AZ,2004,6518
AZ,2003,4685
AZ,2002,3273
AZ,2001,12738
AZ,2000,17258
AZ,1999,8626
AZ,1998,14638
AZ,1997,15087
AZ,1996,11188
AZ,1995,11713
AZ,1994,20800
AZ,1993,44900
AZ,1992,52300
BD,2016,87628
BD,2015,94221
BD,2014,85e3
BD,2013,79e3
BD,2012,85419
BD,2011,79234
BD,2010,55288
BD,2009,40265
BD,2008,40248
BD,2007,39180
BD,2006,42710
BD,2005,38e3
BD,2004,39e3
BD,2003,37e3
BD,2002,38e3
BD,2001,37e3
BD,2000,35e3
BD,1999,29e3
BD,1998,36655
BD,1997,38100
BD,1996,39375
BD,1995,38e3
BD,1994,37770
BD,1993,36380
BD,1992,34080
BD,1991,33775
BD,1990,37800
BD,1989,39301
BD,1988,41545
BD,1987,39990
BD,1986,46475
BD,1985,49334
BD,1984,47834
BD,1983,50447
BD,1982,51046
BD,1981,47378
BD,1980,39524
BD,1979,43744
BD,1978,49873
BD,1977,63534
BD,1976,45176
BD,1975,40370
BD,1974,41599
BD,1973,39877
BD,1972,34724
BD,1971,47700
BD,1970,41200
BD,1969,40600
BD,1968,39100
BD,1967,38100
BD,1966,27300
BD,1965,27200
BD,1964,28200
BD,1963,29100
BD,1962,31800
BD,1961,25900
BE,2016,132
BE,2015,150
BE,2014,183
BE,2013,190
BE,2012,129
BE,2011,186
BE,2010,211
BE,2009,153
BE,2008,191
BE,2007,158
BE,2006,209
BE,2005,777
BE,2004,1221
BE,2003,1300
BE,2002,1200
BE,2001,1400
BE,2000,1200
BJ,2016,3
BJ,2015,4
BJ,2014,5
BJ,2013,21
BJ,2012,15
BJ,2011,399
BJ,2010,470
BJ,2009,93
BJ,2008,204
BJ,2007,684
BJ,2006,485
BJ,2005,1032
BJ,2004,769
BJ,2003,863
BJ,2002,742
BJ,2001,621
BJ,2000,679
BJ,1999,702
BJ,1998,583
BJ,1997,400
BJ,1996,436
BJ,1995,302
BJ,1994,338
BJ,1993,238
BJ,1992,459
BJ,1991,272
BJ,1990,257
BJ,1989,322
BJ,1988,409
BJ,1987,258
BJ,1986,431
BJ,1985,449
BJ,1984,263
BJ,1983,194
BJ,1982,223
BJ,1981,716
BJ,1980,360
BJ,1979,551
BJ,1978,293
BJ,1977,439
BJ,1976,252
BJ,1975,1238
BJ,1974,1249
BJ,1973,1264
BJ,1972,1151
BJ,1971,996
BJ,1970,876
BJ,1969,1006
BJ,1968,809
BJ,1967,867
BJ,1966,780
BJ,1965,994
BJ,1964,718
BJ,1963,492
BJ,1962,830
BJ,1961,731
BT,2016,175
BT,2015,175
BT,2014,174
BT,2013,199
BT,2012,200
BT,2011,196
BT,2010,194
BT,2009,193
BT,2008,191
BT,2007,190
BT,2006,189
BT,2005,187
BT,2004,185
BT,2003,184
BT,2002,182
BT,2001,180
BT,2000,178
BT,1999,176
BT,1998,174
BT,1997,171
BT,1996,169
BT,1995,166
BT,1994,163
BT,1993,160
BT,1992,155
BT,1991,145
BT,1990,140
BT,1989,135
BT,1988,130
BT,1987,125
BT,1986,120
BT,1985,115
BT,1984,106
BT,1983,100
BT,1982,70
BT,1981,70
BT,1980,70
BO,2016,1220
BO,2015,1263
BO,2014,1133
BO,2013,813
BO,2012,808
BO,2011,825
BO,2010,828
BO,2009,1284
BO,2008,1269
BO,2007,1244
BO,2006,1170
BO,2005,1161
BO,2004,1087
BO,2003,1026
BO,2002,980
BO,2001,978
BO,2000,975
BO,1999,965
BO,1998,920
BO,1997,920
BO,1996,905
BO,1995,890
BO,1994,860
BO,1993,830
BO,1992,792
BO,1991,968
BO,1990,935
BO,1989,925
BO,1988,895
BO,1987,863
BO,1986,917
BO,1985,975
BO,1984,1126
BO,1983,1179
BO,1982,1105
BO,1981,1395
BO,1980,1825
BO,1979,1640
BO,1978,1775
BO,1977,2270
BO,1976,2230
BO,1975,2569
BO,1974,2970
BO,1973,2470
BO,1972,2100
BO,1971,1900
BO,1970,1400
BO,1969,1150
BO,1968,990
BO,1967,900
BO,1966,880
BO,1965,836
BO,1964,900
BO,1963,896
BO,1962,875
BO,1961,800
BA,2016,2315
BA,2015,2196
BA,2014,1812
BA,2013,1812
BA,2012,1494
BA,2011,1835
BA,2010,1854
BA,2009,2424
BA,2008,3098
BA,2007,3265
BA,2006,3916
BA,2005,4421
BA,2004,4246
BA,2003,3279
BA,2002,5173
BA,2001,3673
BA,2000,3277
BA,1999,4092
BA,1998,4566
BA,1997,2600
BA,1996,2e3
BA,1995,2145
BA,1994,2e3
BA,1993,3437
BA,1992,3e3
BR,2016,675545
BR,2015,867355
BR,2014,862396
BR,2013,850673
BR,2012,810550
BR,2011,951933
BR,2010,787817
BR,2009,863079
BR,2008,851058
BR,2007,908679
BR,2006,900381
BR,2005,889426
BR,2004,921281
BR,2003,656200
BR,2002,670309
BR,2001,568505
BR,2000,579727
BR,1999,629525
BR,1998,505353
BR,1997,596952
BR,1996,476638
BR,1995,455986
BR,1994,519541
BR,1993,655739
BR,1992,575652
BR,1991,413831
BR,1990,445489
BR,1989,443869
BR,1988,427900
BR,1987,395645
BR,1986,385136
BR,1985,410474
BR,1984,413598
BR,1983,392578
BR,1982,420329
BR,1981,365738
BR,1980,404860
BR,1979,421708
BR,1978,405191
BR,1977,356999
BR,1976,298645
BR,1975,285934
BR,1974,296175
BR,1973,234280
BR,1972,263168
BR,1971,244172
BR,1970,244e3
BR,1969,250224
BR,1968,258019
BR,1967,242817
BR,1966,228284
BR,1965,248182
BR,1964,210427
BR,1963,206806
BR,1962,187040
BR,1961,167839
BG,2016,15211
BG,2015,23480
BG,2014,29996
BG,2013,36446
BG,2012,28060
BG,2011,40607
BG,2010,41056
BG,2009,51322
BG,2008,42424
BG,2007,41130
BG,2006,41956
BG,2005,58336
BG,2004,69569
BG,2003,61539
BG,2002,62250
BG,2001,57818
BG,2000,32296
BG,1999,34475
BG,1998,38692
BG,1997,61299
BG,1996,39788
BG,1995,18803
BG,1994,32715
BG,1993,44859
BG,1992,65947
BG,1991,72403
BG,1990,76542
BG,1989,81061
BG,1988,116065
BG,1987,133098
BG,1986,126122
BG,1985,126028
BG,1984,140789
BG,1983,111963
BG,1982,148985
BG,1981,132952
BG,1980,122291
BG,1979,159292
BG,1978,139469
BG,1977,117536
BG,1976,165094
BG,1975,161931
BG,1974,144903
BG,1973,141477
BG,1972,158128
BG,1971,119852
BG,1970,121906
BG,1969,96221
BG,1968,115448
BG,1967,118095
BG,1966,132207
BG,1965,122993
BG,1964,149553
BG,1963,105161
BG,1962,106745
BG,1961,55866
BF,2016,818
BF,2015,796
BF,2014,896
BF,2013,850
BF,2012,800
BF,2011,744
BF,2010,688
BF,2009,632
BF,2008,572
BF,2007,525
BF,2006,500
BF,2005,550
BF,2004,583
BF,2003,586
BF,2002,573
BF,2001,546
BF,2000,500
BF,1999,445
BF,1998,400
BF,1997,392
BF,1996,424
BF,1995,500
BF,1994,700
BF,1993,970
BF,1992,950
BF,1991,930
BF,1990,922
BF,1989,802
BF,1988,652
BF,1987,581
BF,1986,619
BF,1985,705
BF,1984,1e3
BF,1983,1200
BF,1982,1200
BF,1981,1200
BF,1980,1100
BF,1979,1e3
BF,1978,950
BF,1977,900
BF,1976,850
BF,1975,800
BF,1974,700
BF,1973,800
BF,1972,800
BF,1971,800
BF,1970,800
BF,1969,800
BF,1968,800
BF,1967,464
BF,1966,500
BF,1965,400
BF,1964,400
BF,1963,350
BF,1962,350
BF,1961,350
BI,2016,1368
BI,2015,1330
BI,2014,1295
BI,2013,1262
BI,2012,1228
BI,2011,1168
BI,2010,1347
BI,2009,1209
BI,2008,1028
BI,2007,800
BI,2006,770
BI,2005,1100
BI,2004,900
BI,2003,683
BI,2002,641
BI,2001,893
BI,2000,762
BI,1999,367
BI,1998,200
BI,1997,475
BI,1996,600
BI,1995,600
BI,1994,1360
BI,1993,4100
BI,1992,4200
BI,1991,4100
BI,1990,4e3
BI,1989,4e3
BI,1988,4e3
BI,1987,4e3
BI,1986,3700
BI,1985,3600
BI,1984,3e3
BI,1983,3500
BI,1982,3400
BI,1981,3400
BI,1980,3400
BI,1979,3e3
BI,1978,2500
BI,1977,1600
BI,1976,1600
BI,1975,1600
BI,1974,1600
BI,1973,1590
BI,1972,1e3
BI,1971,1e3
BI,1970,586
BI,1969,800
BI,1968,1e3
BI,1967,1300
BI,1966,1500
BI,1965,1300
BI,1964,1e3
BI,1963,700
BI,1962,600
BI,1961,600
KH,2016,14362
KH,2015,14044
KH,2014,13751
KH,2013,13505
KH,2012,13132
KH,2011,13445
KH,2010,14625
KH,2009,13486
KH,2008,17404
KH,2007,13644
KH,2006,14231
KH,2005,14143
KH,2004,2479
KH,2003,7601
KH,2002,4692
KH,2001,4662
KH,2000,7665
KH,1999,6358
KH,1998,10144
KH,1997,10493
KH,1996,9620
KH,1995,11079
KH,1994,12e3
KH,1993,4980
KH,1992,8900
KH,1991,8800
KH,1990,7800
KH,1989,5900
KH,1988,5800
KH,1987,6600
KH,1986,6100
KH,1985,5600
KH,1984,5e3
KH,1983,5e3
KH,1982,4500
KH,1981,4500
KH,1980,4500
KH,1979,4200
KH,1978,6e3
KH,1977,7300
KH,1976,7300
KH,1975,7300
KH,1974,7300
KH,1973,5100
KH,1972,8900
KH,1971,8900
KH,1970,9700
KH,1969,16300
KH,1968,13700
KH,1967,11800
KH,1966,10100
KH,1965,10500
KH,1964,10500
KH,1963,6900
KH,1962,6500
KH,1961,5661
CM,2016,6298
CM,2015,6146
CM,2014,5995
CM,2013,5843
CM,2012,5692
CM,2011,5540
CM,2010,5389
CM,2009,5237
CM,2008,5085
CM,2007,5156
CM,2006,4780
CM,2005,4500
CM,2004,4465
CM,2003,4500
CM,2002,4465
CM,2001,4323
CM,2000,4700
CM,1999,4700
CM,1998,2e3
CM,1997,1700
CM,1996,2e3
CM,1995,3e3
CM,1994,2500
CM,1993,2056
CM,1992,2e3
CM,1991,1493
CM,1990,155
CM,1989,844
CM,1988,2e3
CM,1987,1674
CM,1986,3271
CM,1985,1627
CM,1984,2200
CM,1983,1814
CM,1982,1783
CM,1981,2068
CM,1980,1918
CM,1979,1962
CM,1978,3297
CM,1977,2809
CM,1976,3082
CM,1975,2980
CM,1974,3094
CM,1973,3300
CM,1972,3541
CM,1971,4216
CM,1970,4344
CM,1969,3527
CM,1968,4858
CM,1967,3798
CM,1966,3764
CM,1965,2082
CM,1964,2160
CM,1963,2978
CM,1962,2764
CM,1961,2584
CA,2016,20369
CA,2015,22557
CA,2014,24841
CA,2013,27105
CA,2012,29399
CA,2011,31648
CA,2010,33964
CA,2009,36664
CA,2008,38829
CA,2007,44e3
CA,2006,43057
CA,2005,43e3
CA,2004,42430
CA,2003,46338
CA,2002,54550
CA,2001,58606
CA,2000,53010
CA,1999,70215
CA,1998,73178
CA,1997,76204
CA,1996,70151
CA,1995,74219
CA,1994,70140
CA,1993,77476
CA,1992,65640
CA,1991,78704
CA,1990,63057
CA,1989,75573
CA,1988,58341
CA,1987,61388
CA,1986,67515
CA,1985,96672
CA,1984,89400
CA,1983,111715
CA,1982,70205
CA,1981,112369
CA,1980,107868
CA,1979,78851
CA,1978,115614
CA,1977,104273
CA,1976,81497
CA,1975,106053
CA,1974,116476
CA,1973,116715
CA,1972,84747
CA,1971,102040
CA,1970,100635
CA,1969,112248
CA,1968,99249
CA,1967,96658
CA,1966,106223
CA,1965,76602
CA,1964,69587
CA,1963,91237
CA,1962,92091
CA,1961,95127
CF,2016,510
CF,2015,512
CF,2014,514
CF,2013,516
CF,2012,518
CF,2011,519
CF,2010,521
CF,2009,523
CF,2008,525
CF,2007,522
CF,2006,503
CF,2005,480
CF,2004,475
CF,2003,519
CF,2002,475
CF,2001,600
CF,2000,652
CF,1999,570
CF,1998,525
CF,1997,498
CF,1996,500
CF,1995,650
CF,1994,650
CF,1993,500
CF,1992,700
CF,1991,600
CF,1990,501
CF,1989,431
CF,1988,553
CF,1987,624
CF,1986,1076
CF,1985,1098
CF,1984,753
CF,1983,700
CF,1982,1200
CF,1981,1e3
CF,1980,1189
CF,1979,1799
CF,1978,1972
CF,1977,2753
CF,1976,2442
CF,1975,1876
CF,1974,1603
CF,1973,1372
CF,1972,1117
CF,1971,1081
CF,1970,1029
CF,1969,973
CF,1968,816
CF,1967,873
CF,1966,765
CF,1965,700
CF,1964,470
CF,1963,400
CF,1962,400
CF,1961,450
TD,2016,182
TD,2015,183
TD,2014,183
TD,2013,183
TD,2012,184
TD,2011,184
TD,2010,184
TD,2009,183
TD,2008,187
TD,2007,190
TD,2006,186
TD,2005,184
TD,2004,180
TD,2003,180
TD,2002,180
TD,2001,180
TD,2000,184
TD,1999,210
TD,1998,205
TD,1997,198
TD,1996,192
TD,1995,191
TD,1994,191
TD,1993,191
TD,1992,192
TD,1991,192
TD,1990,183
TD,1989,200
TD,1988,200
TD,1987,200
TD,1986,200
TD,1985,200
TD,1984,200
TD,1983,200
TD,1982,210
TD,1981,210
TD,1980,220
TD,1979,220
TD,1978,210
TD,1977,200
TD,1976,200
TD,1975,172
TD,1974,135
TD,1973,143
TD,1972,222
TD,1971,93
TD,1970,16
CL,2016,7561
CL,2015,7274
CL,2014,6362
CL,2013,7934
CL,2012,7554
CL,2011,7554
CL,2010,7950
CL,2009,5626
CL,2008,6214
CL,2007,8341
CL,2006,8349
CL,2005,9850
CL,2004,9321
CL,2003,7713
CL,2002,6976
CL,2001,7382
CL,2000,10521
CL,1999,11789
CL,1998,11679
CL,1997,11117
CL,1996,10999
CL,1995,12159
CL,1994,16007
CL,1993,19636
CL,1992,16498
CL,1991,15409
CL,1990,14412
CL,1989,10545
CL,1988,10425
CL,1987,8271
CL,1986,7849
CL,1985,7770
CL,1984,8135
CL,1983,5750
CL,1982,5655
CL,1981,5901
CL,1980,14412
CL,1979,7508
CL,1978,9422
CL,1977,8697
CL,1976,7673
CL,1975,8354
CL,1974,5362
CL,1973,3778
CL,1972,5449
CL,1971,6406
CL,1970,8532
CL,1969,6015
CL,1968,9405
CL,1967,7386
CL,1966,4930
CL,1965,5900
CL,1964,7090
CL,1963,5600
CL,1962,7370
CL,1961,7586
CN,2016,2806770
CN,2015,2833989
CN,2014,2997050
CN,2013,3375400
CN,2012,3408142
CN,2011,3158737
CN,2010,3005928
CN,2009,3067928
CN,2008,2839947
CN,2007,2397152
CN,2006,2746193
CN,2005,2685743
CN,2004,2411490
CN,2003,2262658
CN,2002,2454105
CN,2001,2358842
CN,2000,2563854
CN,1999,2478295
CN,1998,2373978
CN,1997,4261283
CN,1996,3245230
CN,1995,2326685
CN,1994,2256526
CN,1993,3468428
CN,1992,3514954
CN,1991,3051686
CN,1990,2645610
CN,1989,2848837
CN,1988,2754206
CN,1987,1967005
CN,1986,1731464
CN,1985,2450207
CN,1984,1815491
CN,1983,1403322
CN,1982,2204570
CN,1981,1519718
CN,1980,919747
CN,1979,962876
CN,1978,1264129
CN,1977,1011695
CN,1976,996433
CN,1975,978109
CN,1974,1001713
CN,1973,967883
CN,1972,856417
CN,1971,801808
CN,1970,805800
CN,1969,796109
CN,1968,868844
CN,1967,865935
CN,1966,804254
CN,1965,616301
CN,1964,569379
CN,1963,497413
CN,1962,436077
CN,1961,395854
CO,2016,22371
CO,2015,25904
CO,2014,28600
CO,2013,22604
CO,2012,22267
CO,2011,17838
CO,2010,10760
CO,2009,9953
CO,2008,21176
CO,2007,18109
CO,2006,20557
CO,2005,34940
CO,2004,32486
CO,2003,34458
CO,2002,26475
CO,2001,26158
CO,2000,27767
CO,1999,26057
CO,1998,30235
CO,1997,23319
CO,1996,30412
CO,1995,26e3
CO,1994,26905
CO,1993,34321
CO,1992,27908
CO,1991,34338
CO,1990,32989
CO,1989,33710
CO,1988,35700
CO,1987,34870
CO,1986,28574
CO,1985,27237
CO,1984,34599
CO,1983,47800
CO,1982,48700
CO,1981,50400
CO,1980,45400
CO,1979,59600
CO,1978,45900
CO,1977,57300
CO,1976,68300
CO,1975,57600
CO,1974,41100
CO,1973,39700
CO,1972,36100
CO,1971,39300
CO,1970,42e3
CO,1969,44500
CO,1968,43e3
CO,1967,42500
CO,1966,44250
CO,1965,40190
CO,1964,41395
CO,1963,41771
CO,1962,38213
CO,1961,27884
CG,2016,472
CG,2015,464
CG,2014,470
CG,2013,463
CG,2012,450
CG,2011,440
CG,2010,420
CG,2009,375
CG,2008,341
CG,2007,299
CG,2006,300
CG,2005,297
CG,2004,296
CG,2003,320
CG,2002,250
CG,2001,224
CG,2000,200
CG,1999,176
CG,1998,150
CG,1997,100
CG,1996,91
CG,1995,127
CG,1994,131
CG,1993,150
CG,1992,150
CG,1991,132
CG,1990,128
CG,1989,200
CG,1988,100
CG,1987,100
CG,1986,112
CG,1985,93
CG,1984,290
CG,1983,203
CG,1982,427
CG,1981,400
CG,1980,473
CG,1979,637
CG,1978,448
CG,1977,606
CG,1976,1008
CG,1975,1014
CG,1974,1010
CG,1973,1150
CG,1972,972
CG,1971,990
CG,1970,840
CG,1969,767
CG,1968,639
CG,1967,745
CG,1966,634
CG,1965,439
CG,1964,392
CG,1963,500
CG,1962,572
CG,1961,560
CR,2016,14
CR,2015,40
CR,2014,60
CR,2013,60
CR,2012,37
CR,2011,76
CR,2010,79
CR,2009,62
CR,2008,79
CR,2007,122
CR,2006,120
CR,2005,109
CR,2004,118
CR,2003,92
CR,2002,92
CR,2001,92
CR,2000,187
CR,1999,187
CR,1998,600
CR,1997,428
CR,1996,799
CR,1995,929
CR,1994,1797
CR,1993,2050
CR,1992,1936
CR,1991,1305
CR,1990,1717
CR,1989,1430
CR,1988,1782
CR,1987,1654
CR,1986,1589
CR,1985,1971
CR,1984,2375
CR,1983,1934
CR,1982,1322
CR,1981,1697
CR,1980,1609
CR,1979,2084
CR,1978,2385
CR,1977,2756
CR,1976,3186
CR,1975,2978
CR,1974,2776
CR,1973,2522
CR,1972,1935
CR,1971,1684
CR,1970,1593
CR,1969,1346
CR,1968,1568
CR,1967,1482
CR,1966,1569
CR,1965,1492
CR,1964,1360
CR,1963,1494
CR,1962,1632
CR,1961,1167
CI,2016,8766
CI,2015,8903
CI,2014,9040
CI,2013,9177
CI,2012,9314
CI,2011,9451
CI,2010,9588
CI,2009,9725
CI,2008,10093
CI,2007,10630
CI,2006,10500
CI,2005,10396
CI,2004,10200
CI,2003,10275
CI,2002,10200
CI,2001,10200
CI,2000,10200
CI,1999,12e3
CI,1998,13500
CI,1997,11600
CI,1996,11e3
CI,1995,10600
CI,1994,9600
CI,1993,9600
CI,1992,9600
CI,1991,7300
CI,1990,5400
CI,1989,2e3
CI,1988,2e3
CI,1987,2e3
CI,1986,2e3
CI,1985,2e3
CI,1984,1900
CI,1983,1800
CI,1982,1754
CI,1981,1666
CI,1980,1667
CI,1979,1671
CI,1978,1760
CI,1977,1818
CI,1976,1810
CI,1975,1750
CI,1974,2975
CI,1973,2959
CI,1972,2558
CI,1971,2412
CI,1970,2328
CI,1969,2235
CI,1968,2273
CI,1967,2206
CI,1966,2578
CI,1965,2400
CI,1964,2537
CI,1963,2450
CI,1962,2246
CI,1961,1738
HR,2016,8977
HR,2015,10132
HR,2014,9164
HR,2013,9834
HR,2012,11787
HR,2011,10643
HR,2010,8491
HR,2009,13348
HR,2008,12866
HR,2007,12639
HR,2006,10851
HR,2005,9579
HR,2004,10293
HR,2003,9680
HR,2002,10905
HR,2001,10502
HR,2000,9714
HR,1999,10051
HR,1998,12133
HR,1997,11339
HR,1996,11272
HR,1995,8548
HR,1994,8613
HR,1993,9585
HR,1992,11651
CU,2016,19700
CU,2015,24500
CU,2014,19800
CU,2013,24e3
CU,2012,19500
CU,2011,19900
CU,2010,20500
CU,2009,25200
CU,2008,21500
CU,2007,25600
CU,2006,29700
CU,2005,26e3
CU,2004,31700
CU,2003,25600
CU,2002,34494
CU,2001,31751
CU,2000,32237
CU,1999,30562
CU,1998,37870
CU,1997,30938
CU,1996,31485
CU,1995,24989
CU,1994,17084
CU,1993,19892
CU,1992,24636
CU,1991,29865
CU,1990,37129
CU,1989,41606
CU,1988,39414
CU,1987,38790
CU,1986,45604
CU,1985,44637
CU,1984,44642
CU,1983,30180
CU,1982,44947
CU,1981,54599
CU,1980,8219
CU,1979,32206
CU,1978,41021
CU,1977,43290
CU,1976,51621
CU,1975,42337
CU,1974,44685
CU,1973,43548
CU,1972,39551
CU,1971,24757
CU,1970,31726
CU,1969,36271
CU,1968,46414
CU,1967,45296
CU,1966,51787
CU,1965,35107
CU,1964,43783
CU,1963,48056
CU,1962,51534
CU,1961,49639
CY,2016,120
CY,2015,121
CY,2014,122
CY,2013,123
CY,2012,131
CY,2011,149
CY,2010,104
CY,2009,43
CY,2008,50
CY,2007,300
CY,2006,350
CY,2005,350
CY,2004,350
CY,2003,350
CY,2002,357
CY,2001,357
CY,2000,374
CY,1999,333
CY,1998,305
CY,1997,322
CY,1996,336
CY,1995,331
CY,1994,303
CY,1993,308
CY,1992,315
CY,1991,223
CY,1990,343
CY,1989,327
CY,1988,210
CY,1987,402
CY,1986,276
CY,1985,316
CY,1984,292
CY,1983,204
CY,1982,173
CY,1981,351
CY,1980,267
CY,1979,229
CY,1978,220
CY,1977,110
CY,1976,118
CY,1975,10
CY,1973,67
CY,1972,975
CY,1971,1118
CY,1970,721
CY,1969,1120
CY,1968,914
CY,1967,1422
CY,1966,864
CY,1965,2489
CY,1964,975
CY,1963,952
CY,1962,1019
CY,1961,898
KP,2016,82727
KP,2015,81287
KP,2014,80521
KP,2013,8e4
KP,2012,8e4
KP,2011,79e3
KP,2010,72e3
KP,2009,73e3
KP,2008,7e4
KP,2007,63e3
KP,2006,65e3
KP,2005,65400
KP,2004,64345
KP,2003,64e3
KP,2002,64400
KP,2001,63574
KP,2000,63e3
KP,1999,62949
KP,1998,62e3
KP,1997,62022
KP,1996,61661
KP,1995,6e4
KP,1994,65e3
KP,1993,6e4
KP,1992,64e3
KP,1991,66e3
KP,1990,65e3
KP,1989,64e3
KP,1988,62e3
KP,1987,6e4
KP,1986,58e3
KP,1985,56e3
KP,1984,52e3
KP,1983,5e4
KP,1982,48e3
KP,1981,46e3
KP,1980,45e3
KP,1979,43e3
KP,1978,42e3
KP,1977,41e3
KP,1976,41e3
KP,1975,4e4
KP,1974,4e4
KP,1973,4e4
KP,1972,4e4
KP,1971,4e4
KP,1970,4e4
KP,1969,4e4
KP,1968,4e4
KP,1967,4e4
KP,1966,4e4
KP,1965,4e4
KP,1964,4e4
KP,1963,38e3
KP,1962,41e3
KP,1961,37e3
CD,2016,3922
CD,2015,3915
CD,2014,3908
CD,2013,3932
CD,2012,3562
CD,2011,3593
CD,2010,3709
CD,2009,3819
CD,2008,3937
CD,2007,4058
CD,2006,4184
CD,2005,4053
CD,2004,4174
CD,2003,3517
CD,2002,3620
CD,2001,3759
CD,2000,4210
CD,1999,4715
CD,1998,4210
CD,1997,3648
CD,1996,3536
CD,1995,3339
CD,1994,3321
CD,1993,3210
CD,1992,3103
CD,1991,3e3
CD,1990,2900
CD,1989,2900
CD,1988,2800
CD,1987,2900
CD,1986,3200
CD,1985,8200
CD,1984,8200
CD,1983,8100
CD,1982,7800
CD,1981,7700
CD,1980,7400
CD,1979,7200
CD,1978,6e3
CD,1977,6500
CD,1976,6900
CD,1975,6500
CD,1974,6200
CD,1973,5900
CD,1972,5700
CD,1971,5800
CD,1970,5500
CD,1969,4e3
CD,1968,4500
CD,1967,4600
CD,1966,5200
CD,1965,5100
CD,1964,5e3
CD,1963,5e3
CD,1962,5e3
CD,1961,5e3
DO,2016,12935
DO,2015,12923
DO,2014,9163
DO,2013,9254
DO,2012,9225
DO,2011,10414
DO,2010,8066
DO,2009,11800
DO,2008,9054
DO,2007,12861
DO,2006,9724
DO,2005,10053
DO,2004,8404
DO,2003,7558
DO,2002,4613
DO,2001,4571
DO,2000,3397
DO,1999,17125
DO,1998,42674
DO,1997,26878
DO,1996,24054
DO,1995,20961
DO,1994,13492
DO,1993,18692
DO,1992,19895
DO,1991,23700
DO,1990,18328
DO,1989,29682
DO,1988,27976
DO,1987,28664
DO,1986,25985
DO,1985,31395
DO,1984,27907
DO,1983,33569
DO,1982,34184
DO,1981,40223
DO,1980,37411
DO,1979,44562
DO,1978,54203
DO,1977,34918
DO,1976,45385
DO,1975,34622
DO,1974,33658
DO,1973,43618
DO,1972,26110
DO,1971,22818
DO,1970,22319
DO,1969,21200
DO,1968,16400
DO,1967,20669
DO,1966,20454
DO,1965,18544
DO,1964,28173
DO,1963,30707
DO,1962,24948
DO,1961,29393
EC,2016,9391
EC,2015,9227
EC,2014,9064
EC,2013,8900
EC,2012,8737
EC,2011,8795
EC,2010,8295
EC,2009,8100
EC,2008,8e3
EC,2007,7900
EC,2006,7800
EC,2005,7685
EC,2004,8350
EC,2003,7958
EC,2002,7164
EC,2001,4924
EC,2000,5080
EC,1999,3851
EC,1998,3461
EC,1997,3850
EC,1996,1816
EC,1995,1625
EC,1994,3096
EC,1993,3226
EC,1992,4876
EC,1991,3645
EC,1990,2553
EC,1989,1967
EC,1988,4160
EC,1987,3744
EC,1986,3517
EC,1985,3063
EC,1984,4435
EC,1983,1764
EC,1982,3264
EC,1981,3560
EC,1980,3277
EC,1979,3464
EC,1978,2511
EC,1977,1890
EC,1976,2300
EC,1975,2e3
EC,1974,2251
EC,1973,1286
EC,1972,1166
EC,1971,1665
EC,1970,2160
EC,1969,1494
EC,1968,1231
EC,1967,1444
EC,1966,1647
EC,1965,2399
EC,1964,1855
EC,1963,870
EC,1962,979
EC,1961,851
SV,2016,1739
SV,2015,1704
SV,2014,1737
SV,2013,1694
SV,2012,1680
SV,2011,1598
SV,2010,1552
SV,2009,1506
SV,2008,1460
SV,2007,1415
SV,2006,1369
SV,2005,1303
SV,2004,1262
SV,2003,1220
SV,2002,1180
SV,2001,1100
SV,2000,1050
SV,1999,1100
SV,1998,1038
SV,1997,1038
SV,1996,1038
SV,1995,1240
SV,1994,750
SV,1993,740
SV,1992,730
SV,1991,720
SV,1990,740
SV,1989,680
SV,1988,990
SV,1987,1389
SV,1986,1121
SV,1985,1256
SV,1984,1418
SV,1983,4716
SV,1982,4363
SV,1981,4379
SV,1980,4025
SV,1979,4025
SV,1978,2280
SV,1977,2106
SV,1976,2249
SV,1975,2887
SV,1974,1955
SV,1973,1865
SV,1972,1800
SV,1971,1800
SV,1970,1130
SV,1969,1115
SV,1968,1100
SV,1967,1100
SV,1966,1200
SV,1965,1200
SV,1964,1183
SV,1963,1204
SV,1962,1100
SV,1961,900
ET,2016,2163
ET,2015,2228
ET,2014,2292
ET,2013,2356
ET,2012,2421
ET,2011,2485
ET,2010,2549
ET,2009,2613
ET,2008,2678
ET,2007,2742
ET,2006,2802
ET,2005,2895
ET,2004,3e3
ET,2003,3e3
ET,2002,3e3
ET,2001,3166
ET,2000,3300
ET,1999,3200
ET,1998,3384
ET,1997,3500
ET,1996,3500
ET,1995,3500
ET,1994,3900
ET,1993,3903
ET,1992,2001
ET,1991,4e3
ET,1990,4e3
ET,1989,4e3
ET,1988,3500
ET,1987,3400
ET,1986,3300
ET,1985,3100
ET,1984,3e3
ET,1983,2900
ET,1982,2850
ET,1981,2800
ET,1980,2800
ET,1979,2700
ET,1978,2700
ET,1977,2800
ET,1976,2800
ET,1975,2700
ET,1974,2700
ET,1973,2700
ET,1972,2600
ET,1971,2300
ET,1970,2100
ET,1969,1800
ET,1968,1800
ET,1967,1600
ET,1966,1500
ET,1965,1500
ET,1964,1500
ET,1963,1400
ET,1962,1100
ET,1961,1e3
FJ,2016,453
FJ,2015,440
FJ,2014,455
FJ,2013,490
FJ,2012,464
FJ,2011,480
FJ,2010,452
FJ,2009,439
FJ,2008,257
FJ,2007,266
FJ,2006,318
FJ,2005,333
FJ,2004,224
FJ,2003,385
FJ,2002,238
FJ,2001,390
FJ,2000,313
FJ,1999,233
FJ,1998,167
FJ,1997,215
FJ,1996,214
FJ,1995,136
FJ,1994,272
FJ,1993,367
FJ,1992,279
FJ,1991,252
FJ,1990,240
FJ,1989,164
FJ,1988,108
FJ,1987,208
FJ,1986,293
FJ,1985,377
FJ,1984,227
FJ,1983,322
FJ,1982,384
FJ,1981,315
FJ,1980,413
FJ,1979,301
FJ,1978,269
FJ,1977,538
FJ,1976,488
FJ,1975,407
FJ,1974,400
FJ,1973,400
FJ,1972,400
FJ,1971,408
FJ,1970,408
FJ,1969,419
FJ,1968,780
FJ,1967,500
FJ,1966,700
FJ,1965,700
FJ,1964,620
FJ,1963,620
FJ,1962,430
FJ,1961,430
FR,2016,8801
FR,2015,9655
FR,2014,9825
FR,2013,9634
FR,2012,12397
FR,2011,13999
FR,2010,18428
FR,2009,17190
FR,2008,16320
FR,2007,15805
FR,2006,18880
FR,2005,9825
FR,2004,9634
FR,2003,12397
FR,2002,13999
FR,2001,18428
FR,2000,17719
FR,1999,16213
FR,1998,15714
FR,1997,18698
FR,1996,22875
FR,1995,22288
FR,1994,25542
FR,1993,24317
FR,1992,23839
FR,1991,25249
FR,1990,27632
FR,1989,28568
FR,1988,32606
FR,1987,37620
FR,1986,37520
FR,1985,35790
FR,1984,35530
FR,1983,36200
FR,1982,43e3
FR,1981,42380
FR,1980,45981
FR,1979,51800
FR,1978,53990
FR,1977,45744
FR,1976,62050
FR,1975,50988
FR,1974,49366
FR,1973,50439
FR,1972,50077
FR,1971,42962
FR,1970,46537
FR,1969,44454
FR,1968,51717
FR,1967,47097
FR,1966,47130
FR,1965,49015
FR,1964,43381
FR,1963,40615
FR,1962,39379
FR,1961,34238
GE,2016,338
GE,2015,338
GE,2014,338
GE,2013,338
GE,2012,338
GE,2011,306
GE,2010,206
GE,2009,100
GE,2008,100
GE,2007,100
GE,2006,300
GE,2005,1094
GE,2004,1461
GE,2003,1384
GE,2002,2065
GE,2001,1634
GE,2000,1855
GE,1999,2144
GE,1998,3415
GE,1997,200
GE,1996,1e3
GE,1995,1e3
GE,1994,1600
GE,1993,2205
GE,1992,3900
DE,2016,6134
DE,2015,6299
DE,2014,6485
DE,2013,6700
DE,2012,7125
DE,2011,6670
DE,2010,6173
DE,2009,8223
DE,2008,8339
DE,2007,7740
DE,2006,8515
DE,2005,10896
DE,2004,10101
DE,2003,11625
DE,2002,11300
DE,2001,11441
DE,2000,10985
DE,1999,11160
DE,1998,9826
DE,1997,8504
DE,1996,8312
DE,1995,6836
DE,1994,7742
DE,1993,8702
DE,1992,8113
DE,1991,6889
DE,1990,10441
DE,1989,12478
DE,1988,12811
DE,1987,11640
DE,1986,13754
DE,1985,13768
DE,1984,12533
DE,1983,11357
DE,1982,12004
DE,1981,11773
DE,1980,10638
DE,1979,12856
DE,1978,12089
DE,1977,14022
DE,1976,15428
DE,1975,14357
DE,1974,15600
DE,1973,17618
DE,1972,15606
DE,1971,13837
DE,1970,13953
DE,1969,13702
DE,1968,14293
DE,1967,14910
DE,1966,15160
DE,1965,14895
DE,1964,17528
DE,1963,18201
DE,1962,14861
DE,1961,13210
GH,2016,2580
GH,2015,2535
GH,2014,2490
GH,2013,2444
GH,2012,2399
GH,2011,2354
GH,2010,2309
GH,2009,2222
GH,2008,2380
GH,2007,2700
GH,2006,2500
GH,2005,2500
GH,2004,1350
GH,2003,1350
GH,2002,1350
GH,2001,1350
GH,2000,1350
GH,1999,1350
GH,1998,2390
GH,1997,2024
GH,1996,2e3
GH,1995,1700
GH,1994,2230
GH,1993,1725
GH,1992,1740
GH,1991,1160
GH,1990,1530
GH,1989,2e3
GH,1988,2e3
GH,1987,2e3
GH,1986,2e3
GH,1985,2838
GH,1984,2400
GH,1983,1800
GH,1982,1200
GH,1981,800
GH,1980,500
GH,1979,500
GH,1978,600
GH,1977,400
GH,1976,2044
GH,1975,2342
GH,1974,3334
GH,1973,2596
GH,1972,1740
GH,1971,1411
GH,1970,937
GH,1969,856
GH,1968,1118
GH,1967,1219
GH,1966,610
GH,1965,862
GH,1964,904
GH,1963,793
GH,1962,700
GH,1961,600
GR,2016,29216
GR,2015,34330
GR,2014,40940
GR,2013,40613
GR,2012,34250
GR,2011,32043
GR,2010,29948
GR,2009,26776
GR,2008,27062
GR,2007,29359
GR,2006,37405
GR,2005,124351
GR,2004,133946
GR,2003,136128
GR,2002,133649
GR,2001,142011
GR,2000,137039
GR,1999,144587
GR,1998,146478
GR,1997,146975
GR,1996,149296
GR,1995,148543
GR,1994,141363
GR,1993,164903
GR,1992,186600
GR,1991,161900
GR,1990,135685
GR,1989,133e3
GR,1988,149e3
GR,1987,155e3
GR,1986,161e3
GR,1985,150600
GR,1984,145260
GR,1983,115844
GR,1982,138368
GR,1981,130900
GR,1980,117339
GR,1979,127883
GR,1978,129e3
GR,1977,119774
GR,1976,141675
GR,1975,119138
GR,1974,82835
GR,1973,91739
GR,1972,85664
GR,1971,88162
GR,1970,94833
GR,1969,79818
GR,1968,89566
GR,1967,114152
GR,1966,104061
GR,1965,125626
GR,1964,133800
GR,1963,129e3
GR,1962,89361
GR,1961,74245
GT,2016,29742
GT,2015,28445
GT,2014,27937
GT,2013,26735
GT,2012,25555
GT,2011,26195
GT,2010,26907
GT,2009,28005
GT,2008,22054
GT,2007,17772
GT,2006,17586
GT,2005,15844
GT,2004,16166
GT,2003,17395
GT,2002,18525
GT,2001,18116
GT,2000,18630
GT,1999,16902
GT,1998,20440
GT,1997,18515
GT,1996,17165
GT,1995,10720
GT,1994,14193
GT,1993,20208
GT,1992,16530
GT,1991,10129
GT,1990,11151
GT,1989,11886
GT,1988,11523
GT,1987,10050
GT,1986,7371
GT,1985,8660
GT,1984,10340
GT,1983,9048
GT,1982,9660
GT,1981,6841
GT,1980,10497
GT,1979,11320
GT,1978,10451
GT,1977,9300
GT,1976,8820
GT,1975,8280
GT,1974,8786
GT,1973,7549
GT,1972,6177
GT,1971,5340
GT,1970,5193
GT,1969,4135
GT,1968,3990
GT,1967,4320
GT,1966,3800
GT,1965,3600
GT,1964,3300
GT,1963,3200
GT,1962,2200
GT,1961,2200
GN,2016,2405
GN,2015,2396
GN,2014,2405
GN,2013,2350
GN,2012,2350
GN,2011,2500
GN,2010,2520
GN,2009,2321
GN,2008,2216
GN,2007,1900
GN,2006,2e3
GN,2005,2245
GN,2004,2256
GN,2003,2247
GN,2002,2238
GN,2001,2229
GN,2000,2220
GN,1999,2211
GN,1998,2202
GN,1997,2193
GN,1996,2184
GN,1995,2175
GN,1994,2166
GN,1993,2158
GN,1992,2149
GN,1991,2140
GN,1990,2008
GN,1989,1800
GN,1988,1800
GN,1987,1800
GN,1986,1800
GN,1985,1740
GN,1984,1720
GN,1983,1700
GN,1982,1600
GN,1981,1500
GN,1980,1500
GN,1979,1450
GN,1978,1400
GN,1977,1400
GN,1976,1350
GN,1975,1350
GN,1974,1300
GN,1973,1300
GN,1972,1300
GN,1971,1300
GN,1970,1300
GN,1969,1300
GN,1968,1300
GN,1967,1300
GN,1966,1300
GN,1965,1300
GN,1964,1250
GN,1963,1200
GN,1962,1150
GN,1961,1100
GY,2016,93
GY,2015,93
GY,2014,93
GY,2013,94
GY,2012,96
GY,2011,93
GY,2010,92
GY,2009,92
GY,2008,91
GY,2007,90
GY,2006,90
GY,2005,90
GY,2004,90
GY,2003,90
GY,2002,90
GY,2001,90
GY,2000,90
GY,1999,90
GY,1998,90
GY,1997,90
GY,1996,92
GY,1995,92
GY,1994,93
GY,1993,94
GY,1992,95
GY,1991,96
GY,1990,100
GY,1989,100
GY,1988,100
GY,1987,100
GY,1986,125
GY,1985,274
GY,1984,220
GY,1983,141
GY,1982,100
GY,1981,100
GY,1980,100
GY,1979,90
GY,1978,90
GY,1977,90
GY,1976,113
GY,1975,110
GY,1974,115
GY,1973,116
GY,1972,150
GY,1971,136
GY,1970,103
GY,1969,99
GY,1968,81
GY,1967,39
GY,1966,33
GY,1965,28
GY,1964,12
GY,1963,10
GY,1962,10
GY,1961,8
HT,2016,567
HT,2015,568
HT,2014,569
HT,2013,569
HT,2012,570
HT,2011,571
HT,2010,566
HT,2009,552
HT,2008,500
HT,2007,780
HT,2006,570
HT,2005,560
HT,2004,550
HT,2003,500
HT,2002,500
HT,2001,500
HT,2000,550
HT,1999,561
HT,1998,562
HT,1997,550
HT,1996,510
HT,1995,530
HT,1994,550
HT,1993,586
HT,1992,600
HT,1991,650
HT,1990,700
HT,1989,730
HT,1988,730
HT,1987,730
HT,1986,680
HT,1985,680
HT,1984,680
HT,1983,680
HT,1982,570
HT,1981,340
HT,1980,386
HT,1979,279
HT,1978,309
HT,1977,347
HT,1976,218
HT,1975,198
HT,1974,213
HT,1973,186
HT,1972,180
HT,1971,180
HT,1970,170
HT,1969,170
HT,1968,160
HT,1967,160
HT,1966,150
HT,1965,150
HT,1964,140
HT,1963,140
HT,1962,130
HT,1961,130
HN,2016,5919
HN,2015,5912
HN,2014,5904
HN,2013,5896
HN,2012,5889
HN,2011,5881
HN,2010,5873
HN,2009,5869
HN,2008,6202
HN,2007,6500
HN,2006,6441
HN,2005,6154
HN,2004,6054
HN,2003,5954
HN,2002,5854
HN,2001,5090
HN,2000,5035
HN,1999,4045
HN,1998,4490
HN,1997,4400
HN,1996,4490
HN,1995,6758
HN,1994,9366
HN,1993,5587
HN,1992,5818
HN,1991,5e3
HN,1990,5198
HN,1989,4784
HN,1988,3636
HN,1987,4232
HN,1986,4727
HN,1985,5273
HN,1984,5409
HN,1983,7394
HN,1982,7394
HN,1981,7349
HN,1980,7303
HN,1979,7485
HN,1978,6578
HN,1977,6946
HN,1976,5934
HN,1975,5244
HN,1974,4692
HN,1973,3817
HN,1972,5854
HN,1971,5639
HN,1970,5434
HN,1969,5e3
HN,1968,5200
HN,1967,4711
HN,1966,4799
HN,1965,4711
HN,1964,4214
HN,1963,4152
HN,1962,4061
HN,1961,3592
HU,2016,8100
HU,2015,7952
HU,2014,9460
HU,2013,8680
HU,2012,9297
HU,2011,10923
HU,2010,8972
HU,2009,6679
HU,2008,9654
HU,2007,6300
HU,2006,9145
HU,2005,11385
HU,2004,11413
HU,2003,11437
HU,2002,11288
HU,2001,8931
HU,2000,10485
HU,1999,15689
HU,1998,12538
HU,1997,10939
HU,1996,10343
HU,1995,11249
HU,1994,12029
HU,1993,11136
HU,1992,13103
HU,1991,17509
HU,1990,13583
HU,1989,14653
HU,1988,16049
HU,1987,19748
HU,1986,21266
HU,1985,20966
HU,1984,20243
HU,1983,20539
HU,1982,24696
HU,1981,22813
HU,1980,14798
HU,1979,25233
HU,1978,21691
HU,1977,24164
HU,1976,19381
HU,1975,16745
HU,1974,16774
HU,1973,19633
HU,1972,17371
HU,1971,16287
HU,1970,17594
HU,1969,27406
HU,1968,26800
HU,1967,23909
HU,1966,19611
HU,1965,18443
HU,1964,28603
HU,1963,26704
HU,1962,18623
HU,1961,17173
IN,2016,761318
IN,2015,746756
IN,2014,720732
IN,2013,776339
IN,2012,82e4
IN,2011,83e4
IN,2010,69e4
IN,2009,622830
IN,2008,49e4
IN,2007,52e4
IN,2006,552200
IN,2005,549100
IN,2004,549900
IN,2003,49e4
IN,2002,55e4
IN,2001,34e4
IN,2000,52e4
IN,1999,736200
IN,1998,646e3
IN,1997,618e3
IN,1996,535200
IN,1995,566700
IN,1994,562900
IN,1993,596500
IN,1992,584400
IN,1991,555900
IN,1990,551600
IN,1989,492800
IN,1988,367400
IN,1987,461800
IN,1986,441200
IN,1985,485900
IN,1984,492500
IN,1983,581600
IN,1982,520100
IN,1981,480800
IN,1980,438500
IN,1979,453800
IN,1978,493600
IN,1977,418800
IN,1976,349800
IN,1975,363100
IN,1974,462100
IN,1973,372200
IN,1972,418900
IN,1971,361900
IN,1970,337100
IN,1969,361e3
IN,1968,368700
IN,1967,353400
IN,1966,293e3
IN,1965,346e3
IN,1964,36e4
IN,1963,341e3
IN,1962,339e3
IN,1961,307e3
ID,2016,196154
ID,2015,193790
ID,2014,196300
ID,2013,260200
ID,2012,260800
ID,2011,214600
ID,2010,135700
ID,2009,176510
ID,2008,168037
ID,2007,164851
ID,2006,146265
ID,2005,153470
ID,2004,165108
ID,2003,200875
ID,2002,192083
ID,2001,199103
ID,2000,204329
ID,1999,138e3
ID,1998,137564
ID,1997,136746
ID,1996,151025
ID,1995,140169
ID,1994,130134
ID,1993,121370
ID,1992,111655
ID,1991,140283
ID,1990,156432
ID,1989,80979
ID,1988,116917
ID,1987,112691
ID,1986,101235
ID,1985,160765
ID,1984,107825
ID,1983,109484
ID,1982,106802
ID,1981,109646
ID,1980,85487
ID,1979,120299
ID,1978,82466
ID,1977,84502
ID,1976,89798
ID,1975,95665
ID,1974,78071
ID,1973,76507
ID,1972,126558
ID,1971,57352
ID,1970,76666
ID,1969,89200
ID,1968,6e4
ID,1967,6e4
ID,1966,69800
ID,1965,78400
ID,1964,48400
ID,1963,93900
ID,1962,81600
ID,1961,85800
IR,2016,21223
IR,2015,23586
IR,2014,19039
IR,2013,18927
IR,2012,19884
IR,2011,19232
IR,2010,14145
IR,2009,8826
IR,2008,16703
IR,2007,11640
IR,2006,15479
IR,2005,22180
IR,2004,12521
IR,2003,22195
IR,2002,26743
IR,2001,19849
IR,2000,20980
IR,1999,22313
IR,1998,23283
IR,1997,24033
IR,1996,17448
IR,1995,13847
IR,1994,9887
IR,1993,20490
IR,1992,22162
IR,1991,20496
IR,1990,19446
IR,1989,15393
IR,1988,20687
IR,1987,25338
IR,1986,27749
IR,1985,28154
IR,1984,22e3
IR,1983,21051
IR,1982,25e3
IR,1981,27e3
IR,1980,24e3
IR,1979,2e4
IR,1978,14e3
IR,1977,15e3
IR,1976,19e3
IR,1975,15e3
IR,1974,14e3
IR,1973,15496
IR,1972,25878
IR,1971,19274
IR,1970,16817
IR,1969,17586
IR,1968,18599
IR,1967,22463
IR,1966,19535
IR,1965,25157
IR,1964,19465
IR,1963,12377
IR,1962,18800
IR,1961,18183
IQ,2016,2292
IQ,2015,2299
IQ,2014,2306
IQ,2013,2313
IQ,2012,2320
IQ,2011,2323
IQ,2010,2311
IQ,2009,2250
IQ,2008,2250
IQ,2007,2250
IQ,2006,2250
IQ,2005,2250
IQ,2004,2500
IQ,2003,2500
IQ,2002,2500
IQ,2001,2500
IQ,2000,2250
IQ,1999,2300
IQ,1998,2550
IQ,1997,2500
IQ,1996,2450
IQ,1995,2500
IQ,1994,2450
IQ,1993,2600
IQ,1992,2500
IQ,1991,1020
IQ,1990,4400
IQ,1989,3200
IQ,1988,1800
IQ,1987,9100
IQ,1986,12800
IQ,1985,17e3
IQ,1984,13600
IQ,1983,14300
IQ,1982,12300
IQ,1981,11900
IQ,1980,9600
IQ,1979,9400
IQ,1978,10995
IQ,1977,7250
IQ,1976,6718
IQ,1975,4500
IQ,1974,13668
IQ,1973,10697
IQ,1972,9922
IQ,1971,18418
IQ,1970,15825
IQ,1969,10145
IQ,1968,15806
IQ,1967,13326
IQ,1966,6e3
IQ,1965,10252
IQ,1964,13500
IQ,1963,4700
IQ,1962,8502
IQ,1961,10698
IL,2016,4
IL,2015,4
IL,2014,4
IL,2013,4
IL,2012,4
IL,2011,5
IL,2010,5
IL,2009,5
IL,2008,5
IL,2007,3
IL,2006,0
IL,2005,2
IL,2004,2
IL,2003,3
IL,2002,3
IL,2001,3
IL,2000,3
IL,1999,3
IL,1998,4
IL,1997,4
IL,1996,5
IL,1995,0
IL,1994,0
IL,1993,0
IL,1992,15
IL,1991,30
IL,1990,150
IL,1989,300
IL,1988,280
IL,1987,500
IL,1986,600
IL,1985,600
IL,1984,600
IL,1983,600
IL,1982,500
IL,1981,450
IL,1980,500
IL,1979,700
IL,1978,750
IL,1977,800
IL,1976,800
IL,1975,550
IL,1974,550
IL,1973,780
IL,1972,950
IL,1971,1075
IL,1970,1600
IL,1969,2150
IL,1968,1880
IL,1967,2200
IL,1966,1950
IL,1965,1740
IL,1964,985
IL,1963,110
IL,1962,2235
IL,1961,2320
IT,2016,48470
IT,2015,51406
IT,2014,53925
IT,2013,49770
IT,2012,50620
IT,2011,70130
IT,2010,89112
IT,2009,97860
IT,2008,92560
IT,2007,11e4
IT,2006,96600
IT,2005,115983
IT,2004,117882
IT,2003,124985
IT,2002,122231
IT,2001,130487
IT,2000,129937
IT,1999,126352
IT,1998,132509
IT,1997,130513
IT,1996,130590
IT,1995,124492
IT,1994,120579
IT,1993,135698
IT,1992,150855
IT,1991,193296
IT,1990,214851
IT,1989,197318
IT,1988,184350
IT,1987,162127
IT,1986,145700
IT,1985,166490
IT,1984,185e3
IT,1983,156024
IT,1982,145020
IT,1981,130970
IT,1980,125543
IT,1979,136600
IT,1978,109659
IT,1977,109672
IT,1976,108642
IT,1975,113400
IT,1974,92700
IT,1973,93752
IT,1972,84280
IT,1971,79274
IT,1970,78449
IT,1969,79404
IT,1968,74129
IT,1967,86935
IT,1966,73106
IT,1965,73452
IT,1964,78886
IT,1963,65196
IT,1962,46320
IT,1961,24974
JM,2016,1639
JM,2015,1634
JM,2014,1609
JM,2013,1650
JM,2012,1600
JM,2011,1701
JM,2010,1766
JM,2009,1835
JM,2008,1905
JM,2007,2e3
JM,2006,1977
JM,2005,1936
JM,2004,1920
JM,2003,1902
JM,2002,1862
JM,2001,1849
JM,2000,1837
JM,1999,1800
JM,1998,1800
JM,1997,1800
JM,1996,1940
JM,1995,2e3
JM,1994,2200
JM,1993,2350
JM,1992,2339
JM,1991,2339
JM,1990,2339
JM,1989,2339
JM,1988,2339
JM,1987,2339
JM,1986,2339
JM,1985,1387
JM,1984,2360
JM,1983,1460
JM,1982,1750
JM,1981,1844
JM,1980,1195
JM,1979,1244
JM,1978,893
JM,1977,778
JM,1976,1197
JM,1975,1019
JM,1974,1e3
JM,1973,1130
JM,1972,1134
JM,1971,1134
JM,1970,1179
JM,1969,1267
JM,1968,1361
JM,1967,1474
JM,1966,1474
JM,1965,1361
JM,1964,2540
JM,1963,2032
JM,1962,914
JM,1961,630
JP,2016,17900
JP,2015,18700
JP,2014,2e4
JP,2013,19800
JP,2012,19700
JP,2011,23600
JP,2010,29300
JP,2009,36600
JP,2008,38500
JP,2007,37800
JP,2006,37700
JP,2005,46800
JP,2004,52659
JP,2003,50662
JP,2002,58200
JP,2001,60600
JP,2000,60803
JP,1999,64727
JP,1998,64e3
JP,1997,68504
JP,1996,66e3
JP,1995,70391
JP,1994,71931
JP,1993,60690
JP,1992,71380
JP,1991,69897
JP,1990,80500
JP,1989,74400
JP,1988,85800
JP,1987,104400
JP,1986,116800
JP,1985,116200
JP,1984,135500
JP,1983,136700
JP,1982,139400
JP,1981,137700
JP,1980,141400
JP,1979,153300
JP,1978,172e3
JP,1977,173200
JP,1976,176200
JP,1975,165700
JP,1974,151300
JP,1973,157200
JP,1972,145200
JP,1971,149600
JP,1970,150900
JP,1969,174e3
JP,1968,193900
JP,1967,209400
JP,1966,198100
JP,1965,193e3
JP,1964,212600
JP,1963,158e3
JP,1962,139700
JP,1961,126900
JO,2016,0
JO,2015,12
JO,2014,7
JO,2013,3
JO,2012,8
JO,2011,53
JO,2010,13
JO,2009,0
JO,2008,16
JO,2007,7
JO,2006,54
JO,2005,58
JO,2004,345
JO,2003,20
JO,2002,4268
JO,2001,1262
JO,2000,2668
JO,1999,561
JO,1998,2307
JO,1997,2701
JO,1996,1098
JO,1995,4758
JO,1994,1517
JO,1993,3381
JO,1992,3228
JO,1991,1260
JO,1990,2894
JO,1989,2929
JO,1988,3651
JO,1987,2921
JO,1986,1680
JO,1985,2965
JO,1984,2692
JO,1983,6017
JO,1982,3484
JO,1981,3432
JO,1980,3345
JO,1979,1301
JO,1978,1365
JO,1977,861
JO,1976,811
JO,1975,1072
JO,1974,1874
JO,1973,1116
JO,1972,1643
JO,1971,1347
JO,1970,1162
JO,1969,1986
JO,1968,1751
JO,1967,1663
JO,1966,1614
JO,1965,2100
JO,1964,2160
JO,1963,542
JO,1962,1543
JO,1961,2065
KZ,2016,1010
KZ,2015,1401
KZ,2014,1603
KZ,2013,2684
KZ,2012,2781
KZ,2011,2789
KZ,2010,3210
KZ,2009,8370
KZ,2008,8980
KZ,2007,11030
KZ,2006,14060
KZ,2005,15450
KZ,2004,14310
KZ,2003,15900
KZ,2002,15830
KZ,2001,14722
KZ,2000,16160
KZ,1999,8e3
KZ,1998,8700
KZ,1997,2400
KZ,1996,1700
KZ,1995,1700
KZ,1994,2800
KZ,1993,4100
KZ,1992,3700
KE,2016,9619
KE,2015,9910
KE,2014,10283
KE,2013,10783
KE,2012,12074
KE,2011,15400
KE,2010,14156
KE,2009,10260
KE,2008,8519
KE,2007,11153
KE,2006,17605
KE,2005,25e3
KE,2004,22e3
KE,2003,19333
KE,2002,2e4
KE,2001,19500
KE,2000,17960
KE,1999,16800
KE,1998,11e3
KE,1997,21878
KE,1996,15980
KE,1995,13e3
KE,1994,8920
KE,1993,1e4
KE,1992,9e3
KE,1991,1e4
KE,1990,8800
KE,1989,10590
KE,1988,8e3
KE,1987,7e3
KE,1986,5076
KE,1985,5072
KE,1984,8555
KE,1983,6628
KE,1982,5212
KE,1981,3701
KE,1980,2738
KE,1979,2905
KE,1978,1800
KE,1977,1700
KE,1976,807
KE,1975,296
KE,1974,139
KE,1973,137
KE,1972,167
KE,1971,161
KE,1970,123
KE,1969,123
KE,1968,80
KE,1967,53
KE,1966,69
KE,1965,382
KE,1964,504
KE,1963,508
KE,1962,356
KE,1961,448
KG,2016,470
KG,2015,1344
KG,2014,4374
KG,2013,6498
KG,2012,7435
KG,2011,9918
KG,2010,9888
KG,2009,12006
KG,2008,13618
KG,2007,14429
KG,2006,13361
KG,2005,13396
KG,2004,12988
KG,2003,8690
KG,2002,6154
KG,2001,24036
KG,2000,34613
KG,1999,29795
KG,1998,28060
KG,1997,25745
KG,1996,17917
KG,1995,17600
KG,1994,36400
KG,1993,48600
KG,1992,43200
LA,2016,66800
LA,2015,63040
LA,2014,63355
LA,2013,56755
LA,2012,75560
LA,2011,43e3
LA,2010,45e3
LA,2009,25966
LA,2008,33103
LA,2007,22880
LA,2006,24800
LA,2005,28100
LA,2004,33e3
LA,2003,25713
LA,2002,27497
LA,2001,30081
LA,2000,39926
LA,1999,23350
LA,1998,25600
LA,1997,28e3
LA,1996,26040
LA,1995,26643
LA,1994,34627
LA,1993,36808
LA,1992,30560
LA,1991,30140
LA,1990,34130
LA,1989,20100
LA,1988,17910
LA,1987,14840
LA,1986,8400
LA,1985,9410
LA,1984,13900
LA,1983,13e3
LA,1982,18600
LA,1981,15700
LA,1980,14600
LA,1979,33e3
LA,1978,10700
LA,1977,44e3
LA,1976,37e3
LA,1975,24300
LA,1974,25200
LA,1973,24e3
LA,1972,22200
LA,1971,23400
LA,1970,22800
LA,1969,22800
LA,1968,24e3
LA,1967,24e3
LA,1966,18e3
LA,1965,16200
LA,1964,18e3
LA,1963,12e3
LA,1962,12e3
LA,1961,10800
LB,2016,8781
LB,2015,8910
LB,2014,9038
LB,2013,9166
LB,2012,9345
LB,2011,9797
LB,2010,10156
LB,2009,9300
LB,2008,11e3
LB,2007,9400
LB,2006,8600
LB,2005,9e3
LB,2004,11e3
LB,2003,9900
LB,2002,9700
LB,2001,12800
LB,2000,10800
LB,1999,12500
LB,1998,11300
LB,1997,11530
LB,1996,12249
LB,1995,8500
LB,1994,5403
LB,1993,4500
LB,1992,1706
LB,1991,1478
LB,1990,1695
LB,1989,2188
LB,1988,3073
LB,1987,3297
LB,1986,3500
LB,1985,3500
LB,1984,4e3
LB,1983,4100
LB,1982,4078
LB,1981,4200
LB,1980,5e3
LB,1979,5e3
LB,1978,4150
LB,1977,4126
LB,1976,6039
LB,1975,4204
LB,1974,9220
LB,1973,9876
LB,1972,9513
LB,1971,8397
LB,1970,7190
LB,1969,6652
LB,1968,6602
LB,1967,6378
LB,1966,6250
LB,1965,5764
LB,1964,6e3
LB,1963,4198
LB,1962,4200
LB,1961,4e3
LY,2016,1308
LY,2015,1304
LY,2014,1303
LY,2013,1307
LY,2012,1311
LY,2011,1402
LY,2010,1477
LY,2009,1502
LY,2008,1504
LY,2007,1505
LY,2006,1502
LY,2005,1498
LY,2004,1500
LY,2003,1500
LY,2002,1500
LY,2001,1500
LY,2000,1500
LY,1999,1500
LY,1998,1400
LY,1997,1350
LY,1996,1340
LY,1995,1300
LY,1994,1250
LY,1993,1200
LY,1992,1250
LY,1991,1300
LY,1990,1250
LY,1989,1200
LY,1988,1150
LY,1987,1100
LY,1986,1e3
LY,1985,1e3
LY,1984,970
LY,1983,950
LY,1982,920
LY,1981,900
LY,1980,900
LY,1979,900
LY,1978,739
LY,1977,1619
LY,1976,1453
LY,1975,1357
LY,1974,1075
LY,1973,967
LY,1972,1205
LY,1971,1249
LY,1970,1615
LY,1969,1415
LY,1968,1552
LY,1967,1338
LY,1966,1624
LY,1965,1192
LY,1964,719
LY,1963,875
LY,1962,1134
LY,1961,1115
MG,2016,1635
MG,2015,1671
MG,2014,1707
MG,2013,1743
MG,2012,1778
MG,2011,1814
MG,2010,1776
MG,2009,1864
MG,2008,2087
MG,2007,2117
MG,2006,1848
MG,2005,1699
MG,2004,1707
MG,2003,1205
MG,2002,1285
MG,2001,1393
MG,2000,2204
MG,1999,1600
MG,1998,1100
MG,1997,3e3
MG,1996,3722
MG,1995,3985
MG,1994,5250
MG,1993,2446
MG,1992,1500
MG,1991,1488
MG,1990,4e3
MG,1989,3930
MG,1988,2452
MG,1987,4502
MG,1986,5455
MG,1985,3824
MG,1984,3656
MG,1983,2140
MG,1982,2612
MG,1981,3055
MG,1980,3576
MG,1979,3400
MG,1978,3097
MG,1977,3197
MG,1976,3967
MG,1975,4255
MG,1974,3615
MG,1973,5940
MG,1972,5340
MG,1971,5900
MG,1970,4442
MG,1969,5645
MG,1968,5450
MG,1967,5305
MG,1966,4885
MG,1965,5405
MG,1964,5140
MG,1963,4600
MG,1962,4200
MG,1961,4390
MW,2016,84962
MW,2015,120479
MW,2014,126348
MW,2013,132849
MW,2012,72551
MW,2011,174928
MW,2010,172922
MW,2009,208155
MW,2008,160238
MW,2007,118e3
MW,2006,121600
MW,2005,93598
MW,2004,106187
MW,2003,94312
MW,2002,89401
MW,2001,82544
MW,2000,98675
MW,1999,84555
MW,1998,124550
MW,1997,158113
MW,1996,141662
MW,1995,129400
MW,1994,99300
MW,1993,130400
MW,1992,127213
MW,1991,113374
MW,1990,101028
MW,1989,86327
MW,1988,75023
MW,1987,72507
MW,1986,63539
MW,1985,73379
MW,1984,73328
MW,1983,72428
MW,1982,58627
MW,1981,51031
MW,1980,54123
MW,1979,54293
MW,1978,51627
MW,1977,51842
MW,1976,36980
MW,1975,34926
MW,1974,27291
MW,1973,30481
MW,1972,30662
MW,1971,26438
MW,1970,22250
MW,1969,13082
MW,1968,14515
MW,1967,16193
MW,1966,18597
MW,1965,22816
MW,1964,14923
MW,1963,18008
MW,1962,16420
MW,1961,12202
MY,2016,1134
MY,2015,1223
MY,2014,583
MY,2013,420
MY,2012,1972
MY,2011,2916
MY,2010,3143
MY,2009,2473
MY,2008,6278
MY,2007,6453
MY,2006,6062
MY,2005,9444
MY,2004,12858
MY,2003,11690
MY,2002,11304
MY,2001,8299
MY,2000,7172
MY,1999,7675
MY,1998,11169
MY,1997,11241
MY,1996,11723
MY,1995,10318
MY,1994,6087
MY,1993,9679
MY,1992,11245
MY,1991,9216
MY,1990,10154
MY,1989,13858
MY,1988,7442
MY,1987,11268
MY,1986,14239
MY,1985,9542
MY,1984,7157
MY,1983,8701
MY,1982,8620
MY,1981,7200
MY,1980,9475
MY,1979,7535
MY,1978,9700
MY,1977,7275
MY,1976,4669
MY,1975,9184
MY,1974,7620
MY,1973,6027
MY,1972,7197
MY,1971,3921
MY,1970,2625
MY,1969,1905
MY,1968,1864
MY,1967,2105
MY,1966,2107
MY,1965,2296
MY,1964,2469
MY,1963,2348
MY,1962,2242
MY,1961,1806
ML,2016,1874
ML,2015,1636
ML,2014,1548
ML,2013,1458
ML,2012,1391
ML,2011,1330
ML,2010,1258
ML,2009,1229
ML,2008,1200
ML,2007,1191
ML,2006,900
ML,2005,536
ML,2004,1004
ML,2003,1004
ML,2002,1460
ML,2001,1219
ML,2000,446
ML,1999,773
ML,1998,180
ML,1997,160
ML,1996,159
ML,1995,692
ML,1994,692
ML,1993,471
ML,1992,471
ML,1991,471
ML,1990,471
ML,1989,471
ML,1988,471
ML,1987,424
ML,1986,377
ML,1985,400
ML,1984,175
ML,1983,200
ML,1982,250
ML,1981,350
ML,1980,462
ML,1979,550
ML,1978,400
ML,1977,400
ML,1976,400
ML,1975,400
ML,1974,300
ML,1973,533
ML,1972,425
ML,1971,300
ML,1970,150
ML,1969,21
ML,1968,50
ML,1967,300
ML,1966,400
ML,1965,500
ML,1964,600
ML,1963,600
ML,1962,600
ML,1961,700
MU,2016,41
MU,2015,53
MU,2014,5
MU,2013,1
MU,2012,245
MU,2011,345
MU,2010,282
MU,2009,345
MU,2008,347
MU,2007,316
MU,2006,298
MU,2005,296
MU,2004,357
MU,2003,426
MU,2002,485
MU,2001,556
MU,2000,563
MU,1999,668
MU,1998,701
MU,1997,722
MU,1996,878
MU,1995,1016
MU,1994,1024
MU,1993,1015
MU,1992,963
MU,1991,862
MU,1990,799
MU,1989,1035
MU,1988,967
MU,1987,903
MU,1986,948
MU,1985,835
MU,1984,941
MU,1983,796
MU,1982,624
MU,1981,1247
MU,1980,1152
MU,1979,705
MU,1978,731
MU,1977,588
MU,1976,700
MU,1975,805
MU,1974,775
MU,1973,607
MU,1972,606
MU,1971,550
MU,1970,405
MU,1969,450
MU,1968,726
MU,1967,619
MU,1966,492
MU,1965,484
MU,1964,324
MU,1963,483
MU,1962,396
MU,1961,504
MX,2016,15864
MX,2015,12999
MX,2014,15119
MX,2013,15145
MX,2012,15235
MX,2011,9648
MX,2010,6983
MX,2009,7822
MX,2008,11442
MX,2007,13008
MX,2006,19381
MX,2005,16122
MX,2004,21763
MX,2003,22437
MX,2002,21936
MX,2001,40560
MX,2000,45164
MX,1999,50567
MX,1998,48763
MX,1997,32204
MX,1996,42631
MX,1995,27401
MX,1994,59570
MX,1993,64285
MX,1992,21290
MX,1991,29189
MX,1990,33941
MX,1989,50938
MX,1988,62503
MX,1987,50496
MX,1986,63247
MX,1985,47826
MX,1984,41682
MX,1983,53297
MX,1982,71221
MX,1981,57987
MX,1980,93941
MX,1979,71904
MX,1978,69816
MX,1977,55026
MX,1976,67137
MX,1975,68153
MX,1974,72506
MX,1973,60991
MX,1972,61976
MX,1971,77526
MX,1970,68569
MX,1969,68842
MX,1968,48221
MX,1967,45255
MX,1966,56521
MX,1965,58173
MX,1964,67767
MX,1963,67581
MX,1962,67387
MX,1961,66922
ME,2016,134
ME,2015,156
ME,2014,180
ME,2013,198
ME,2012,226
ME,2011,258
ME,2010,270
ME,2009,272
ME,2008,324
ME,2007,358
ME,2006,431
MA,2016,1180
MA,2015,1252
MA,2014,1329
MA,2013,1412
MA,2012,1508
MA,2011,1755
MA,2010,2082
MA,2009,2e3
MA,2008,1890
MA,2007,1890
MA,2006,2e3
MA,2005,1888
MA,2004,2467
MA,2003,4035
MA,2002,6500
MA,2001,6475
MA,2000,5333
MA,1999,3500
MA,1998,11070
MA,1997,9105
MA,1996,6080
MA,1995,3962
MA,1994,3546
MA,1993,4238
MA,1992,3746
MA,1991,7e3
MA,1990,7288
MA,1989,6551
MA,1988,6e3
MA,1987,5e3
MA,1986,4e3
MA,1985,9300
MA,1984,9400
MA,1983,9500
MA,1982,9600
MA,1981,6350
MA,1980,7670
MA,1979,7117
MA,1978,5577
MA,1977,4840
MA,1976,5617
MA,1975,5330
MA,1974,4280
MA,1973,3515
MA,1972,3300
MA,1971,3100
MA,1970,3607
MA,1969,1333
MA,1968,1498
MA,1967,1797
MA,1966,1697
MA,1965,2316
MA,1964,2252
MA,1963,841
MA,1962,2110
MA,1961,1800
MZ,2016,92995
MZ,2015,81756
MZ,2014,97075
MZ,2013,76e3
MZ,2012,54450
MZ,2011,7e4
MZ,2010,66983
MZ,2009,63e3
MZ,2008,64342
MZ,2007,73e3
MZ,2006,59041
MZ,2005,65042
MZ,2004,49528
MZ,2003,37051
MZ,2002,25611
MZ,2001,11170
MZ,2000,9470
MZ,1999,3e3
MZ,1998,4786
MZ,1997,2900
MZ,1996,2900
MZ,1995,2900
MZ,1994,3376
MZ,1993,3238
MZ,1992,3169
MZ,1991,3e3
MZ,1990,3e3
MZ,1989,3e3
MZ,1988,3e3
MZ,1987,3e3
MZ,1986,3e3
MZ,1985,3e3
MZ,1984,3e3
MZ,1983,3e3
MZ,1982,3e3
MZ,1981,3e3
MZ,1980,3e3
MZ,1979,2984
MZ,1978,2500
MZ,1977,2700
MZ,1976,2700
MZ,1975,2702
MZ,1974,4504
MZ,1973,4854
MZ,1972,5275
MZ,1971,4500
MZ,1970,4200
MZ,1969,3900
MZ,1968,3500
MZ,1967,2e3
MZ,1966,2500
MZ,1965,2483
MZ,1964,2472
MZ,1963,2527
MZ,1962,2400
MZ,1961,2100
MM,2016,27352
MM,2015,28635
MM,2014,28600
MM,2013,27100
MM,2012,29300
MM,2011,28400
MM,2010,59600
MM,2009,68300
MM,2008,28200
MM,2007,20100
MM,2006,28e3
MM,2005,45500
MM,2004,45e3
MM,2003,37380
MM,2002,33400
MM,2001,47500
MM,2000,53700
MM,1999,50900
MM,1998,45900
MM,1997,50500
MM,1996,50500
MM,1995,43300
MM,1994,37e3
MM,1993,51e3
MM,1992,51600
MM,1991,55400
MM,1990,4e4
MM,1989,50303
MM,1988,48758
MM,1987,70100
MM,1986,74122
MM,1985,69384
MM,1984,64804
MM,1983,58048
MM,1982,51821
MM,1981,53257
MM,1980,53343
MM,1979,51480
MM,1978,58744
MM,1977,62299
MM,1976,46309
MM,1975,38614
MM,1974,33734
MM,1973,53139
MM,1972,54514
MM,1971,43541
MM,1970,41048
MM,1969,45718
MM,1968,52572
MM,1967,41329
MM,1966,33247
MM,1965,43745
MM,1964,45643
MM,1963,47207
MM,1962,38407
MM,1961,30514
NP,2016,618
NP,2015,2227
NP,2014,2329
NP,2013,2430
NP,2012,2557
NP,2011,1238
NP,2010,2491
NP,2009,2497
NP,2008,2614
NP,2007,2648
NP,2006,2718
NP,2005,3016
NP,2004,3310
NP,2003,3460
NP,2002,3763
NP,2001,3973
NP,2000,3809
NP,1999,3911
NP,1998,4560
NP,1997,4480
NP,1996,5510
NP,1995,5447
NP,1994,7e3
NP,1993,6020
NP,1992,6005
NP,1991,6980
NP,1990,6600
NP,1989,5380
NP,1988,4460
NP,1987,4890
NP,1986,4680
NP,1985,6430
NP,1984,6880
NP,1983,6640
NP,1982,4820
NP,1981,5490
NP,1980,5500
NP,1979,5490
NP,1978,6030
NP,1977,5132
NP,1976,4830
NP,1975,4791
NP,1974,3750
NP,1973,7041
NP,1972,6905
NP,1971,6905
NP,1970,6700
NP,1969,6600
NP,1968,6400
NP,1967,5300
NP,1966,8820
NP,1965,9330
NP,1964,5400
NP,1963,5300
NP,1962,5200
NP,1961,5100
NZ,1998,0
NZ,1997,0
NZ,1996,0
NZ,1995,200
NZ,1994,500
NZ,1993,850
NZ,1992,850
NZ,1991,900
NZ,1990,825
NZ,1989,900
NZ,1988,1455
NZ,1987,2027
NZ,1986,1200
NZ,1985,1950
NZ,1984,1750
NZ,1983,1700
NZ,1982,1530
NZ,1981,2290
NZ,1980,3250
NZ,1979,3750
NZ,1978,3559
NZ,1977,2719
NZ,1976,3349
NZ,1975,3004
NZ,1974,3238
NZ,1973,3045
NZ,1972,3327
NZ,1971,3888
NZ,1970,3248
NZ,1969,3449
NZ,1968,2791
NZ,1967,2502
NZ,1966,3122
NZ,1965,4482
NZ,1964,4255
NZ,1963,4059
NZ,1962,4231
NZ,1961,3074
NI,2016,5103
NI,2015,5694
NI,2014,5694
NI,2013,4745
NI,2012,4755
NI,2011,5239
NI,2010,2999
NI,2009,2952
NI,2008,2838
NI,2007,2836
NI,2006,3080
NI,2005,3029
NI,2004,2544
NI,2003,2268
NI,2002,1995
NI,2001,1833
NI,2000,1479
NI,1999,1e3
NI,1998,2149
NI,1997,4596
NI,1996,2914
NI,1995,1814
NI,1994,912
NI,1993,1318
NI,1992,1700
NI,1991,906
NI,1990,1255
NI,1989,1651
NI,1988,2130
NI,1987,2930
NI,1986,2654
NI,1985,3445
NI,1984,4714
NI,1983,2438
NI,1982,2893
NI,1981,3768
NI,1980,2811
NI,1979,3395
NI,1978,3087
NI,1977,3137
NI,1976,3036
NI,1975,3096
NI,1974,2415
NI,1973,2111
NI,1972,2042
NI,1971,2088
NI,1970,1845
NI,1969,1900
NI,1968,1500
NI,1967,1400
NI,1966,1e3
NI,1965,900
NI,1964,800
NI,1963,700
NI,1962,600
NI,1961,700
NE,2016,1800
NE,2015,1600
NE,2014,500
NE,2013,755
NE,2012,511
NE,2011,1958
NE,2010,2300
NE,2009,2300
NE,2008,2411
NE,2007,2276
NE,2006,1994
NE,2005,1e3
NE,2004,897
NE,2003,3900
NE,2002,3050
NE,2001,2950
NE,2000,3900
NE,1999,2430
NE,1998,4900
NE,1997,4130
NE,1996,3090
NE,1995,3110
NE,1994,2750
NE,1993,2940
NE,1992,2070
NE,1991,2900
NE,1990,970
NE,1989,950
NE,1988,930
NE,1987,920
NE,1986,900
NE,1985,800
NE,1984,850
NE,1983,820
NE,1982,800
NE,1981,800
NE,1980,750
NE,1979,732
NE,1978,235
NE,1977,200
NE,1976,400
NE,1975,800
NE,1974,400
NE,1973,207
NE,1972,250
NE,1971,280
NE,1970,260
NE,1969,300
NE,1968,185
NE,1967,241
NE,1966,289
NE,1965,337
NE,1964,291
NE,1963,294
NE,1962,330
NE,1961,359
NG,2016,4082
NG,2015,4659
NG,2014,5307
NG,2013,6041
NG,2012,6883
NG,2011,7860
NG,2010,9286
NG,2009,11775
NG,2008,12e3
NG,2007,9e3
NG,2006,14e3
NG,2005,15e3
NG,2004,15e3
NG,2003,16e3
NG,2002,17e3
NG,2001,17e3
NG,2000,22e3
NG,1999,21e3
NG,1998,17430
NG,1997,14467
NG,1996,11519
NG,1995,9200
NG,1994,9300
NG,1993,9200
NG,1992,9400
NG,1991,9e3
NG,1990,9e3
NG,1989,9890
NG,1988,1e4
NG,1987,8e3
NG,1986,9e3
NG,1985,10500
NG,1984,9500
NG,1983,2533
NG,1982,4112
NG,1981,10483
NG,1980,13e3
NG,1979,12340
NG,1978,12150
NG,1977,10245
NG,1976,13883
NG,1975,17595
NG,1974,11930
NG,1973,11530
NG,1972,13e3
NG,1971,17500
NG,1970,11177
NG,1969,10339
NG,1968,12477
NG,1967,11083
NG,1966,10909
NG,1965,15104
NG,1964,13059
NG,1963,7375
NG,1962,13608
NG,1961,13630
OM,2016,1144
OM,2015,1152
OM,2014,1161
OM,2013,1169
OM,2012,1177
OM,2011,1186
OM,2010,1194
OM,2009,1203
OM,2008,1211
OM,2007,1219
OM,2006,1228
OM,2005,1217
OM,2004,1259
OM,2003,1270
OM,2002,1270
OM,2001,1270
OM,2000,1300
OM,1999,1300
OM,1998,1300
OM,1997,1250
OM,1996,1300
OM,1995,1280
OM,1994,1250
OM,1993,1300
OM,1992,1500
OM,1991,1600
OM,1990,2e3
OM,1989,650
OM,1988,2100
OM,1987,2100
OM,1986,1950
OM,1985,1800
OM,1984,1924
OM,1983,1e3
OM,1982,1e3
OM,1981,500
OM,1980,500
OM,1979,400
OM,1978,400
OM,1977,400
OM,1976,400
OM,1975,400
OM,1974,400
OM,1973,350
OM,1972,350
OM,1971,300
OM,1970,300
OM,1969,300
OM,1968,250
OM,1967,250
OM,1966,200
PK,2016,116157
PK,2015,120022
PK,2014,129878
PK,2013,108307
PK,2012,97878
PK,2011,102834
PK,2010,119323
PK,2009,108100
PK,2008,107765
PK,2007,103240
PK,2006,112592
PK,2005,100500
PK,2004,86200
PK,2003,88200
PK,2002,94500
PK,2001,85100
PK,2000,107700
PK,1999,108800
PK,1998,98600
PK,1997,91637
PK,1996,79900
PK,1995,80917
PK,1994,100237
PK,1993,101600
PK,1992,97400
PK,1991,75e3
PK,1990,68096
PK,1989,73947
PK,1988,69528
PK,1987,69249
PK,1986,78236
PK,1985,87171
PK,1984,79600
PK,1983,64657
PK,1982,69202
PK,1981,67200
PK,1980,77800
PK,1979,68072
PK,1978,74378
PK,1977,72578
PK,1976,58046
PK,1975,76690
PK,1974,65724
PK,1973,62832
PK,1972,86930
PK,1971,112800
PK,1970,115800
PK,1969,125e3
PK,1968,13e4
PK,1967,140200
PK,1966,11e4
PK,1965,82300
PK,1964,75200
PK,1963,71100
PK,1962,70200
PK,1961,6e4
PA,2016,2714
PA,2015,2730
PA,2014,2820
PA,2013,2704
PA,2012,2689
PA,2011,2672
PA,2010,2655
PA,2009,2650
PA,2008,2617
PA,2007,2800
PA,2006,2600
PA,2005,2400
PA,2004,2300
PA,2003,2200
PA,2002,2150
PA,2001,2130
PA,2000,1800
PA,1999,1750
PA,1998,2188
PA,1997,2188
PA,1996,2188
PA,1995,1168
PA,1994,2188
PA,1993,2275
PA,1992,2481
PA,1991,2536
PA,1990,1962
PA,1989,1819
PA,1988,1483
PA,1987,1197
PA,1986,1452
PA,1985,1379
PA,1984,1325
PA,1983,1144
PA,1982,1415
PA,1981,1642
PA,1980,1854
PA,1979,1417
PA,1978,1531
PA,1977,1410
PA,1976,1302
PA,1975,1127
PA,1974,812
PA,1973,674
PA,1972,506
PA,1971,856
PA,1970,705
PA,1969,806
PA,1968,839
PA,1967,908
PA,1966,886
PA,1965,767
PA,1964,774
PA,1963,1179
PA,1962,668
PA,1961,545
PY,2016,5971
PY,2015,5883
PY,2014,5616
PY,2013,5375
PY,2012,4830
PY,2011,6441
PY,2010,6340
PY,2009,5688
PY,2008,3761
PY,2007,15e3
PY,2006,15e3
PY,2005,15600
PY,2004,16535
PY,2003,13e3
PY,2002,9776
PY,2001,12508
PY,2000,4486
PY,1999,6581
PY,1998,8028
PY,1997,8168
PY,1996,7282
PY,1995,6943
PY,1994,8519
PY,1993,8469
PY,1992,8300
PY,1991,8209
PY,1990,7779
PY,1989,3585
PY,1988,6761
PY,1987,14517
PY,1986,17520
PY,1985,24867
PY,1984,22129
PY,1983,18552
PY,1982,14500
PY,1981,11851
PY,1980,20500
PY,1979,25900
PY,1978,26918
PY,1977,41424
PY,1976,38578
PY,1975,28305
PY,1974,32411
PY,1973,26700
PY,1972,23514
PY,1971,17900
PY,1970,18e3
PY,1969,24e3
PY,1968,22e3
PY,1967,13500
PY,1966,8750
PY,1965,18e3
PY,1964,12e3
PY,1963,25e3
PY,1962,16e3
PY,1961,8500
PE,2016,720
PE,2015,690
PE,2014,1300
PE,2013,1771
PE,2012,1312
PE,2011,1708
PE,2010,1404
PE,2009,1385
PE,2008,762
PE,2007,1285
PE,2006,1431
PE,2005,2230
PE,2004,1770
PE,2003,2466
PE,2002,9832
PE,2001,11436
PE,2000,12249
PE,1999,15561
PE,1998,12307
PE,1997,14294
PE,1996,1e4
PE,1995,6e3
PE,1994,5500
PE,1993,3100
PE,1992,3100
PE,1991,3100
PE,1990,3100
PE,1989,3100
PE,1988,3100
PE,1987,3100
PE,1986,3100
PE,1985,3100
PE,1984,4009
PE,1983,2430
PE,1982,2359
PE,1981,2912
PE,1980,2920
PE,1979,1776
PE,1978,2403
PE,1977,2794
PE,1976,5527
PE,1975,5060
PE,1974,5557
PE,1973,3736
PE,1972,4016
PE,1971,2389
PE,1970,2304
PE,1969,2537
PE,1968,5100
PE,1967,4800
PE,1966,6900
PE,1965,3269
PE,1964,2862
PE,1963,2860
PE,1962,2860
PE,1961,2450
PH,2016,56457
PH,2015,56193
PH,2014,61418
PH,2013,53753
PH,2012,48075
PH,2011,44944
PH,2010,40530
PH,2009,36383
PH,2008,32466
PH,2007,34289
PH,2006,38368
PH,2005,45093
PH,2004,48308
PH,2003,52903
PH,2002,50174
PH,2001,48173
PH,2000,49529
PH,1999,51692
PH,1998,62190
PH,1997,65396
PH,1996,64964
PH,1995,63705
PH,1994,56900
PH,1993,104786
PH,1992,117899
PH,1991,85182
PH,1990,81723
PH,1989,79860
PH,1988,76353
PH,1987,82779
PH,1986,74159
PH,1985,74329
PH,1984,98056
PH,1983,86327
PH,1982,86146
PH,1981,77267
PH,1980,41985
PH,1979,51130
PH,1978,56737
PH,1977,50420
PH,1976,58840
PH,1975,57137
PH,1974,63375
PH,1973,64774
PH,1972,56300
PH,1971,55814
PH,1970,61206
PH,1969,56853
PH,1968,64853
PH,1967,51153
PH,1966,58122
PH,1965,45720
PH,1964,65041
PH,1963,67700
PH,1962,69700
PH,1961,6e4
PL,2016,31201
PL,2015,27251
PL,2014,34893
PL,2013,30781
PL,2012,35338
PL,2011,34428
PL,2010,34782
PL,2009,39293
PL,2008,41153
PL,2007,39482
PL,2006,29503
PL,2005,33483
PL,2004,29065
PL,2003,21976
PL,2002,20728
PL,2001,23896
PL,2000,29545
PL,1999,43686
PL,1998,37673
PL,1997,32369
PL,1996,38241
PL,1995,39750
PL,1994,43076
PL,1993,36091
PL,1992,44949
PL,1991,57425
PL,1990,59e3
PL,1989,56060
PL,1988,90409
PL,1987,113948
PL,1986,125213
PL,1985,111490
PL,1984,98253
PL,1983,99772
PL,1982,95912
PL,1981,95525
PL,1980,56259
PL,1979,74153
PL,1978,58949
PL,1977,87455
PL,1976,124880
PL,1975,102306
PL,1974,65e3
PL,1973,78064
PL,1972,74989
PL,1971,7e4
PL,1970,85e3
PL,1969,91e3
PL,1968,83e3
PL,1967,78e3
PL,1966,48e3
PL,1965,52e3
PL,1964,95e3
PL,1963,73e3
PL,1962,37e3
PL,1961,46e3
PT,2016,285
PT,2015,276
PT,2014,228
PT,2013,188
PT,2012,122
PT,2011,65
PT,2010,936
PT,2009,2109
PT,2008,1358
PT,2007,1311
PT,2006,2298
PT,2005,4749
PT,2004,5357
PT,2003,5735
PT,2002,5602
PT,2001,5764
PT,2000,6135
PT,1999,5785
PT,1998,6879
PT,1997,5845
PT,1996,6206
PT,1995,4945
PT,1994,4699
PT,1993,2533
PT,1992,4335
PT,1991,5457
PT,1990,4911
PT,1989,4849
PT,1988,3852
PT,1987,3792
PT,1986,4277
PT,1985,3885
PT,1984,3451
PT,1983,2565
PT,1982,1759
PT,1981,6076
PT,1980,6906
PT,1979,8519
PT,1978,12511
PT,1977,12800
PT,1976,10900
PT,1975,8371
PT,1974,7700
PT,1973,7100
PT,1972,9200
PT,1971,9300
PT,1970,9516
PT,1969,11920
PT,1968,23243
PT,1967,22153
PT,1966,14140
PT,1965,18500
PT,1964,15e3
PT,1963,11200
PT,1962,1e4
PT,1961,1e4
KR,2016,28569
KR,2015,29418
KR,2014,30267
KR,2013,30354
KR,2012,33483
KR,2011,34071
KR,2010,33956
KR,2009,34e3
KR,2008,33e3
KR,2007,32e3
KR,2006,34e3
KR,2005,35e3
KR,2004,36380
KR,2003,35666
KR,2002,47549
KR,2001,55587
KR,2000,68198
KR,1999,65443
KR,1998,55535
KR,1997,54388
KR,1996,61108
KR,1995,83862
KR,1994,98598
KR,1993,106493
KR,1992,79567
KR,1991,69696
KR,1990,70073
KR,1989,78422
KR,1988,72998
KR,1987,78039
KR,1986,82982
KR,1985,75679
KR,1984,94172
KR,1983,100677
KR,1982,115173
KR,1981,86997
KR,1980,92506
KR,1979,110626
KR,1978,134349
KR,1977,144533
KR,1976,111619
KR,1975,104233
KR,1974,95098
KR,1973,111596
KR,1972,115934
KR,1971,63364
KR,1970,56309
KR,1969,59195
KR,1968,69696
KR,1967,66e3
KR,1966,71936
KR,1965,56053
KR,1964,49299
KR,1963,29008
KR,1962,35025
KR,1961,31530
MD,2016,850
MD,2015,1247
MD,2014,1396
MD,2013,2201
MD,2012,2854
MD,2011,5415
MD,2010,7610
MD,2009,4416
MD,2008,3864
MD,2007,3632
MD,2006,4850
MD,2005,6690
MD,2004,7900
MD,2003,6692
MD,2002,11806
MD,2001,16058
MD,2000,25306
MD,1999,22407
MD,1998,24414
MD,1997,23753
MD,1996,19500
MD,1995,27e3
MD,1994,41486
MD,1993,50220
MD,1992,42382
RO,2016,1656
RO,2015,1079
RO,2014,1405
RO,2013,1357
RO,2012,1341
RO,2011,2562
RO,2010,2971
RO,2009,1566
RO,2008,2366
RO,2007,1128
RO,2006,1686
RO,2005,3682
RO,2004,7471
RO,2003,7862
RO,2002,15979
RO,2001,10088
RO,2000,10869
RO,1999,14754
RO,1998,17536
RO,1997,18119
RO,1996,12092
RO,1995,13358
RO,1994,12993
RO,1993,10503
RO,1992,7574
RO,1991,13919
RO,1990,14200
RO,1989,27500
RO,1988,35800
RO,1987,33100
RO,1986,32100
RO,1985,26100
RO,1984,37100
RO,1983,24700
RO,1982,32900
RO,1981,27900
RO,1980,37300
RO,1979,39200
RO,1978,41e3
RO,1977,47e3
RO,1976,64e3
RO,1975,39800
RO,1974,38900
RO,1973,38e3
RO,1972,37900
RO,1971,30400
RO,1970,22516
RO,1969,23755
RO,1968,32533
RO,1967,34600
RO,1966,40200
RO,1965,34486
RO,1964,41700
RO,1963,39900
RO,1962,25600
RO,1961,17800
RU,2015,0
RU,2014,0
RU,2013,2
RU,2012,5
RU,2011,4
RU,2010,3
RU,2009,3
RU,2008,3
RU,2007,10
RU,2006,10
RU,2005,80
RU,2004,140
RU,2003,80
RU,2002,260
RU,2001,770
RU,2000,1440
RU,1999,1530
RU,1998,520
RU,1997,550
RU,1996,580
RU,1995,740
RU,1994,1930
RU,1993,3500
RU,1992,2020
RW,2016,5165
RW,2015,5134
RW,2014,5106
RW,2013,4659
RW,2012,5e3
RW,2011,5404
RW,2010,5377
RW,2009,5015
RW,2008,4653
RW,2007,4295
RW,2006,4e3
RW,2005,3873
RW,2004,3800
RW,2003,3872
RW,2002,3900
RW,2001,3857
RW,2000,3800
RW,1999,3730
RW,1998,3700
RW,1997,3721
RW,1996,3753
RW,1995,3767
RW,1994,3743
RW,1993,3600
RW,1992,3535
RW,1991,3500
RW,1990,3400
RW,1989,3300
RW,1988,3200
RW,1987,3100
RW,1986,3e3
RW,1985,3e3
RW,1984,2600
RW,1983,2500
RW,1982,2400
RW,1981,2300
RW,1980,2200
RW,1979,2200
RW,1978,2e3
RW,1977,1800
RW,1976,1600
RW,1975,1500
RW,1974,1e3
RW,1973,900
RW,1972,800
RW,1971,800
RW,1970,800
RW,1969,900
RW,1968,800
RW,1967,830
RW,1966,680
RW,1965,700
RW,1964,700
RW,1963,700
RW,1962,880
RW,1961,747
VC,2016,102
VC,2015,101
VC,2014,103
VC,2013,98
VC,2012,90
VC,2011,98
VC,2010,98
VC,2009,100
VC,2008,90
VC,2007,110
VC,2006,110
VC,2005,100
VC,2004,95
VC,2003,90
VC,2002,84
VC,2001,80
VC,2000,75
VC,1999,70
VC,1998,85
VC,1997,85
VC,1996,85
VC,1995,60
VC,1994,65
VC,1993,65
VC,1992,70
VC,1991,60
VC,1990,40
VC,1989,41
VC,1988,57
VC,1987,76
VC,1986,66
VC,1985,73
VC,1984,83
VC,1983,75
VC,1982,100
VC,1981,99
VC,1980,86
VC,1979,73
VC,1978,38
VC,1977,14
VC,1976,1
WS,2016,234
WS,2015,226
WS,2014,212
WS,2013,210
WS,2012,210
WS,2011,207
WS,2010,207
WS,2009,187
WS,2008,177
WS,2007,160
WS,2006,147
WS,2005,147
WS,2004,146
WS,2003,145
WS,2002,144
WS,2001,141
WS,2000,140
WS,1999,139
WS,1998,140
WS,1997,139
WS,1996,142
WS,1995,142
WS,1994,140
WS,1993,135
WS,1992,122
WS,1991,140
WS,1990,145
WS,1989,150
WS,1988,150
WS,1987,150
WS,1986,150
WS,1985,150
WS,1984,150
WS,1983,150
WS,1982,150
WS,1981,150
WS,1980,150
WS,1979,150
WS,1978,150
WS,1977,150
WS,1976,150
WS,1975,145
WS,1974,130
WS,1973,115
WS,1972,102
WS,1971,90
WS,1970,80
WS,1969,67
WS,1968,55
WS,1967,44
WS,1966,33
WS,1965,22
WS,1964,11
WS,1963,1
WS,1962,2
WS,1961,2
SN,1992,0
SN,1991,0
SN,1990,0
SN,1978,2
SN,1977,19
SN,1976,16
SN,1975,1
SN,1974,140
SN,1973,124
SN,1972,25
SN,1969,120
RS,2016,7810
RS,2015,8776
RS,2014,9341
RS,2013,7977
RS,2012,6842
RS,2011,10437
RS,2010,10440
RS,2009,9847
RS,2008,10839
RS,2007,11136
RS,2006,10808
SL,2016,45
SL,2015,46
SL,2014,43
SL,2013,48
SL,2012,45
SL,2011,40
SL,2010,37
SL,2009,35
SL,2008,34
SL,2007,33
SL,2006,32
SL,2005,30
SL,2004,27
SL,2003,25
SL,2002,24
SL,2001,23
SL,2000,20
SL,1999,40
SL,1998,109
SL,1997,200
SL,1996,436
SL,1995,650
SL,1994,700
SL,1993,670
SL,1992,660
SL,1991,650
SL,1990,650
SL,1989,650
SL,1988,650
SL,1987,650
SL,1986,600
SL,1985,500
SL,1984,500
SL,1983,500
SL,1982,500
SL,1981,500
SL,1980,500
SL,1979,559
SL,1978,725
SL,1977,425
SL,1976,307
SL,1975,95
SG,2016,0
SG,2015,0
SG,2014,0
SG,2013,0
SG,2012,0
SG,2011,0
SG,2010,0
SG,2009,0
SG,2008,0
SG,2007,0
SG,2006,0
SG,2005,0
SG,2004,0
SG,2003,0
SG,2002,0
SG,2001,0
SG,2000,0
SG,1999,0
SG,1998,0
SG,1997,0
SG,1996,2
SG,1995,5
SG,1994,5
SG,1993,10
SG,1992,11
SG,1991,12
SG,1990,13
SG,1989,10
SG,1988,10
SG,1987,12
SG,1986,10
SG,1985,16
SG,1984,10
SG,1983,34
SG,1982,88
SG,1981,133
SG,1980,402
SG,1979,478
SG,1978,596
SG,1977,576
SG,1976,407
SG,1975,311
SG,1974,376
SG,1973,417
SG,1972,317
SG,1971,500
SG,1970,490
SG,1969,342
SG,1968,508
SG,1967,398
SG,1966,468
SG,1965,498
SG,1964,382
SG,1963,354
SG,1962,425
SG,1961,505
SK,2016,5
SK,2015,13
SK,2014,3
SK,2013,4
SK,2012,15
SK,2011,14
SK,2010,1
SK,2009,2
SK,2008,1
SK,2007,390
SK,2006,668
SK,2005,1038
SK,2004,1298
SK,2003,1932
SK,2002,2020
SK,2001,1987
SK,2000,1870
SK,1999,1289
SK,1998,1487
SK,1997,994
SK,1996,1106
SK,1995,8700
SK,1994,14e3
SK,1993,13400
SB,2016,113
SB,2015,112
SB,2014,111
SB,2013,110
SB,2012,109
SB,2011,107
SB,2010,113
SB,2009,110
SB,2008,102
SB,2007,102
SB,2006,102
SB,2005,85
SB,2004,85
SB,2003,85
SB,2002,85
SB,2001,85
SB,2000,85
SB,1999,85
SB,1998,85
SB,1997,85
SB,1996,85
SB,1995,85
SB,1994,85
SB,1993,85
SB,1992,85
SB,1991,85
SB,1990,85
SB,1989,92
SB,1988,92
SB,1987,90
SB,1986,90
SB,1985,92
SB,1984,90
SB,1983,90
SB,1982,90
SB,1981,88
SB,1980,86
SB,1979,84
SB,1978,82
SB,1977,80
SB,1976,78
SB,1975,76
SB,1974,74
SB,1973,70
SB,1972,70
SB,1971,70
SB,1970,70
SB,1969,70
SB,1968,67
SB,1967,65
SB,1966,60
SB,1965,60
SB,1964,55
SB,1963,55
SB,1962,50
SB,1961,50
SO,2016,140
SO,2015,143
SO,2014,139
SO,2013,140
SO,2012,140
SO,2011,134
SO,2010,133
SO,2009,127
SO,2008,121
SO,2007,114
SO,2006,106
SO,2005,101
SO,2004,96
SO,2003,100
SO,2002,110
SO,2001,105
SO,2000,100
SO,1999,88
SO,1998,80
SO,1997,83
SO,1996,88
SO,1995,94
SO,1994,100
SO,1993,80
SO,1992,20
SO,1991,19
SO,1990,128
SO,1989,120
SO,1988,120
SO,1987,120
SO,1986,120
SO,1985,120
SO,1984,120
SO,1983,118
SO,1982,115
SO,1981,112
SO,1980,110
SO,1979,110
SO,1978,100
SO,1977,100
SO,1976,100
SO,1975,90
SO,1974,90
SO,1973,90
SO,1972,90
SO,1971,80
SO,1970,80
SO,1969,80
SO,1968,80
SO,1967,80
SO,1966,80
SO,1965,80
SO,1964,20
SO,1963,106
SO,1962,70
SO,1961,42
ZA,2016,14700
ZA,2015,14380
ZA,2014,12876
ZA,2013,15200
ZA,2012,17010
ZA,2011,15e3
ZA,2010,12300
ZA,2009,9565
ZA,2008,9041
ZA,2007,12810
ZA,2006,14850
ZA,2005,23550
ZA,2004,25200
ZA,2003,37400
ZA,2002,33020
ZA,2001,33990
ZA,2000,29700
ZA,1999,30100
ZA,1998,31490
ZA,1997,26420
ZA,1996,21520
ZA,1995,20570
ZA,1994,19460
ZA,1993,30390
ZA,1992,34980
ZA,1991,30290
ZA,1990,27400
ZA,1989,36900
ZA,1988,29500
ZA,1987,27200
ZA,1986,32200
ZA,1985,37300
ZA,1984,35500
ZA,1983,38690
ZA,1982,34230
ZA,1981,27737
ZA,1980,34600
ZA,1979,47707
ZA,1978,43970
ZA,1977,40530
ZA,1976,32100
ZA,1975,27500
ZA,1974,33700
ZA,1973,29200
ZA,1972,31e3
ZA,1971,32400
ZA,1970,34400
ZA,1969,37800
ZA,1968,38150
ZA,1967,27200
ZA,1966,22100
ZA,1965,27400
ZA,1964,31200
ZA,1963,28200
ZA,1962,24400
ZA,1961,26200
ES,2016,29434
ES,2015,29534
ES,2014,29140
ES,2013,31330
ES,2012,33200
ES,2011,33692
ES,2010,33410
ES,2009,34827
ES,2008,31127
ES,2007,29248
ES,2006,32563
ES,2005,40251
ES,2004,40596
ES,2003,40192
ES,2002,41525
ES,2001,40710
ES,2000,42908
ES,1999,40395
ES,1998,43658
ES,1997,46085
ES,1996,44396
ES,1995,42915
ES,1994,44032
ES,1993,44800
ES,1992,45052
ES,1991,49138
ES,1990,43178
ES,1989,55100
ES,1988,33700
ES,1987,31900
ES,1986,37700
ES,1985,42200
ES,1984,43218
ES,1983,43150
ES,1982,42200
ES,1981,43500
ES,1980,36800
ES,1979,34927
ES,1978,29900
ES,1977,21600
ES,1976,29100
ES,1975,25900
ES,1974,23400
ES,1973,25700
ES,1972,27100
ES,1971,26600
ES,1970,26100
ES,1969,19500
ES,1968,26400
ES,1967,31200
ES,1966,21500
ES,1965,34300
ES,1964,27800
ES,1963,27239
ES,1962,31536
ES,1961,36660
LK,2016,3189
LK,2015,2965
LK,2014,3322
LK,2013,5040
LK,2012,3620
LK,2011,3470
LK,2010,4200
LK,2009,3810
LK,2008,3770
LK,2007,4150
LK,2006,3710
LK,2005,4210
LK,2004,4390
LK,2003,3810
LK,2002,3820
LK,2001,4520
LK,2000,5400
LK,1999,6010
LK,1998,9044
LK,1997,9990
LK,1996,10720
LK,1995,11383
LK,1994,12241
LK,1993,11696
LK,1992,9252
LK,1991,9120
LK,1990,10335
LK,1989,11e3
LK,1988,12880
LK,1987,11989
LK,1986,15086
LK,1985,15300
LK,1984,15300
LK,1983,14500
LK,1982,16670
LK,1981,15200
LK,1980,18602
LK,1979,11e3
LK,1978,7500
LK,1977,6500
LK,1976,6579
LK,1975,5633
LK,1974,9200
LK,1973,9200
LK,1972,9e3
LK,1971,9e3
LK,1970,8600
LK,1969,8100
LK,1968,7607
LK,1967,6804
LK,1966,5216
LK,1965,4600
LK,1964,4300
LK,1963,3500
LK,1962,2700
LK,1961,2966
SZ,2016,165
SZ,2015,158
SZ,2014,151
SZ,2013,144
SZ,2012,138
SZ,2011,131
SZ,2010,124
SZ,2009,117
SZ,2008,111
SZ,2007,104
SZ,2006,97
SZ,2005,91
SZ,2004,84
SZ,2003,75
SZ,2002,73
SZ,2001,75
SZ,2000,71
SZ,1999,50
SZ,1998,18
SZ,1997,16
SZ,1996,10
SZ,1995,33
SZ,1994,32
SZ,1993,32
SZ,1992,35
SZ,1991,40
SZ,1990,23
SZ,1989,24
SZ,1988,63
SZ,1987,90
SZ,1986,90
SZ,1985,53
SZ,1984,62
SZ,1983,157
SZ,1982,200
SZ,1981,199
SZ,1980,310
SZ,1979,198
SZ,1978,655
SZ,1977,438
SZ,1976,441
SZ,1975,425
SZ,1974,254
SZ,1973,375
SZ,1972,372
SZ,1971,273
SZ,1970,276
SZ,1969,218
SZ,1968,200
SZ,1967,163
SZ,1966,145
SZ,1965,109
SZ,1964,273
SZ,1963,230
SZ,1962,288
SZ,1961,198
SE,1992,0
SE,1991,0
SE,1990,0
SE,1964,108
SE,1963,115
SE,1962,84
SE,1961,95
CH,2016,1013
CH,2015,1033
CH,2014,997
CH,2013,1051
CH,2012,1071
CH,2011,1238
CH,2010,1183
CH,2009,953
CH,2008,1201
CH,2007,870
CH,2006,1176
CH,2005,1527
CH,2004,1320
CH,2003,1584
CH,2002,1462
CH,2001,1343
CH,2000,1182
CH,1999,1103
CH,1998,1506
CH,1997,1040
CH,1996,1659
CH,1995,1594
CH,1994,1318
CH,1993,1437
CH,1992,1173
CH,1991,1365
CH,1990,1106
CH,1989,1571
CH,1988,1530
CH,1987,1305
CH,1986,1747
CH,1985,1496
CH,1984,1759
CH,1983,1700
CH,1982,1554
CH,1981,1746
CH,1980,1261
CH,1979,1777
CH,1978,1455
CH,1977,1166
CH,1976,1982
CH,1975,1568
CH,1974,1805
CH,1973,1711
CH,1972,1852
CH,1971,1789
CH,1970,1955
CH,1969,2e3
CH,1968,1881
CH,1967,2089
CH,1966,1781
CH,1965,1561
CH,1964,1923
CH,1963,1749
CH,1962,1866
CH,1961,1783
SY,2016,12393
SY,2015,13994
SY,2014,14731
SY,2013,15817
SY,2012,15620
SY,2011,17059
SY,2010,20150
SY,2009,19881
SY,2008,20580
SY,2007,24066
SY,2006,24900
SY,2005,28870
SY,2004,25942
SY,2003,26209
SY,2002,27700
SY,2001,28802
SY,2000,26112
SY,1999,24700
SY,1998,21700
SY,1997,16800
SY,1996,18100
SY,1995,23361
SY,1994,14300
SY,1993,15e3
SY,1992,23575
SY,1991,16200
SY,1990,13100
SY,1989,13e3
SY,1988,15400
SY,1987,16800
SY,1986,16603
SY,1985,13900
SY,1984,13300
SY,1983,14400
SY,1982,13695
SY,1981,12499
SY,1980,13758
SY,1979,11623
SY,1978,13091
SY,1977,11541
SY,1976,12031
SY,1975,11995
SY,1974,10124
SY,1973,10939
SY,1972,11594
SY,1971,7450
SY,1970,6674
SY,1969,8851
SY,1968,8406
SY,1967,5996
SY,1966,9747
SY,1965,11979
SY,1964,11320
SY,1963,700
SY,1962,6645
SY,1961,7176
TJ,2016,179
TJ,2015,253
TJ,2014,550
TJ,2013,1119
TJ,2012,897
TJ,2011,704
TJ,2010,497
TJ,2009,235
TJ,2008,189
TJ,2007,516
TJ,2006,1301
TJ,2005,1609
TJ,2004,2675
TJ,2003,744
TJ,2002,4081
TJ,2001,4059
TJ,2000,7186
TJ,1999,6873
TJ,1998,10057
TJ,1997,6371
TJ,1996,2865
TJ,1995,6300
TJ,1994,9773
TJ,1993,11500
TJ,1992,9640
TH,2016,60826
TH,2015,61086
TH,2014,79618
TH,2013,71586
TH,2012,68109
TH,2011,67900
TH,2010,59540
TH,2009,62449
TH,2008,61930
TH,2007,58562
TH,2006,65835
TH,2005,71953
TH,2004,68249
TH,2003,75290
TH,2002,77693
TH,2001,74076
TH,2000,60624
TH,1999,79300
TH,1998,74300
TH,1997,72400
TH,1996,59800
TH,1995,48800
TH,1994,50800
TH,1993,93600
TH,1992,93600
TH,1991,85400
TH,1990,69469
TH,1989,60245
TH,1988,54228
TH,1987,67e3
TH,1986,85e3
TH,1985,9e4
TH,1984,9e4
TH,1983,93e3
TH,1982,86020
TH,1981,75230
TH,1980,84272
TH,1979,73325
TH,1978,83350
TH,1977,76752
TH,1976,67672
TH,1975,62765
TH,1974,56e3
TH,1973,45400
TH,1972,51300
TH,1971,49e3
TH,1970,93e3
TH,1969,90300
TH,1968,85300
TH,1967,78e3
TH,1966,88e3
TH,1965,35650
TH,1964,30900
TH,1963,3e4
TH,1962,29e3
TH,1961,29e3
MK,2016,25443
MK,2015,24237
MK,2014,27578
MK,2013,27859
MK,2012,27333
MK,2011,26537
MK,2010,30280
MK,2009,24122
MK,2008,17087
MK,2007,22056
MK,2006,25036
MK,2005,27691
MK,2004,21140
MK,2003,21592
MK,2002,22044
MK,2001,23200
MK,2000,22175
MK,1999,29368
MK,1998,31676
MK,1997,23308
MK,1996,15412
MK,1995,15683
MK,1994,18862
MK,1993,24002
MK,1992,26502
TL,1992,0
TL,1991,0
TL,1990,0
TL,1976,0
TL,1974,70
TL,1973,35
TL,1972,37
TL,1971,109
TL,1970,91
TL,1969,77
TL,1968,52
TL,1967,50
TL,1966,50
TL,1965,50
TL,1964,50
TL,1963,50
TL,1962,50
TL,1961,50
TG,2016,1910
TG,2015,1901
TG,2014,1893
TG,2013,1884
TG,2012,1876
TG,2011,1869
TG,2010,1864
TG,2009,1856
TG,2008,1860
TG,2007,1850
TG,2006,1837
TG,2005,1825
TG,2004,1809
TG,2003,1800
TG,2002,1800
TG,2001,1800
TG,2000,1800
TG,1999,1800
TG,1998,1800
TG,1997,1819
TG,1996,1838
TG,1995,1886
TG,1994,1914
TG,1993,1943
TG,1992,1969
TG,1991,2e3
TG,1990,2e3
TG,1989,2e3
TG,1988,2e3
TG,1987,2e3
TG,1986,2e3
TG,1985,2e3
TG,1984,2e3
TG,1983,2e3
TG,1982,2e3
TG,1981,2e3
TG,1980,2e3
TG,1979,2e3
TG,1978,2e3
TG,1977,2e3
TG,1976,2e3
TG,1975,2e3
TG,1974,2e3
TG,1973,2e3
TG,1972,2e3
TG,1971,2e3
TG,1970,2e3
TG,1969,2e3
TG,1968,2e3
TG,1967,2e3
TG,1966,2e3
TG,1965,2e3
TG,1964,2e3
TG,1963,2e3
TG,1962,2e3
TG,1961,2e3
TT,2016,212
TT,2015,211
TT,2014,216
TT,2013,202
TT,2012,200
TT,2011,218
TT,2010,228
TT,2009,240
TT,2008,225
TT,2007,225
TT,2006,255
TT,2005,200
TT,2004,180
TT,2003,165
TT,2002,150
TT,2001,120
TT,2000,90
TT,1999,60
TT,1998,49
TT,1997,33
TT,1996,38
TT,1995,32
TT,1994,31
TT,1993,74
TT,1992,82
TT,1991,91
TT,1990,101
TT,1989,71
TT,1988,78
TT,1987,67
TT,1986,71
TT,1985,44
TT,1984,61
TT,1983,41
TT,1982,52
TT,1981,43
TT,1980,14
TT,1979,119
TT,1978,120
TT,1977,88
TT,1976,148
TT,1975,286
TT,1974,312
TT,1973,332
TT,1972,251
TT,1971,215
TT,1970,245
TT,1969,229
TT,1968,206
TT,1967,116
TT,1966,68
TT,1965,47
TT,1964,44
TT,1963,49
TT,1962,40
TT,1961,40
TN,2016,3144
TN,2015,1241
TN,2014,1444
TN,2013,1400
TN,2012,1100
TN,2011,1360
TN,2010,1600
TN,2009,1600
TN,2008,2546
TN,2007,2582
TN,2006,3970
TN,2005,3048
TN,2004,1985
TN,2003,1978
TN,2002,2800
TN,2001,3121
TN,2000,3436
TN,1999,2800
TN,1998,3800
TN,1997,3300
TN,1996,2700
TN,1995,4e3
TN,1994,3580
TN,1993,5200
TN,1992,5210
TN,1991,5800
TN,1990,6800
TN,1989,5500
TN,1988,5e3
TN,1987,5400
TN,1986,4500
TN,1985,3950
TN,1984,3350
TN,1983,4400
TN,1982,5500
TN,1981,5860
TN,1980,4100
TN,1979,4400
TN,1978,4700
TN,1977,4400
TN,1976,4246
TN,1975,3280
TN,1974,2160
TN,1973,1668
TN,1972,1490
TN,1971,2038
TN,1970,2610
TN,1969,2680
TN,1968,2750
TN,1967,2330
TN,1966,2180
TN,1965,1752
TN,1964,1560
TN,1963,928
TN,1962,616
TN,1961,978
TR,2016,7e4
TR,2015,75e3
TR,2014,74696
TR,2013,93158
TR,2012,73285
TR,2011,45435
TR,2010,53018
TR,2009,81053
TR,2008,93403
TR,2007,74584
TR,2006,98137
TR,2005,135247
TR,2004,133913
TR,2003,112158
TR,2002,152856
TR,2001,144786
TR,2000,200280
TR,1999,243468
TR,1998,250556
TR,1997,286414
TR,1996,225216
TR,1995,204440
TR,1994,186954
TR,1993,338796
TR,1992,334276
TR,1991,240881
TR,1990,296008
TR,1989,269888
TR,1988,219063
TR,1987,184712
TR,1986,158480
TR,1985,170491
TR,1984,177529
TR,1983,233843
TR,1982,207735
TR,1981,168024
TR,1980,228349
TR,1979,216585
TR,1978,292563
TR,1977,247952
TR,1976,323963
TR,1975,199935
TR,1974,203487
TR,1973,149120
TR,1972,179799
TR,1971,173861
TR,1970,149861
TR,1969,146592
TR,1968,163038
TR,1967,189259
TR,1966,164197
TR,1965,132374
TR,1964,193668
TR,1963,132183
TR,1962,89793
TR,1961,101407
TM,2016,3246
TM,2015,3228
TM,2014,3209
TM,2013,3190
TM,2012,3172
TM,2011,3211
TM,2010,3117
TM,2009,3e3
TM,2008,3e3
TM,2007,3100
TM,2006,3500
TM,2005,3100
TM,2004,3e3
TM,2003,3e3
TM,2002,3e3
TM,2001,3220
TM,2000,3220
TM,1999,3220
TM,1998,3220
TM,1997,3220
TM,1996,2500
TM,1995,1304
TM,1994,2200
TM,1993,2500
TM,1992,2200
UG,2016,31476
UG,2015,31131
UG,2014,31770
UG,2013,31357
UG,2012,31e3
UG,2011,28444
UG,2010,27138
UG,2009,18846
UG,2008,29040
UG,2007,26383
UG,2006,15793
UG,2005,31413
UG,2004,32520
UG,2003,34250
UG,2002,36310
UG,2001,22572
UG,2000,22837
UG,1999,20864
UG,1998,11333
UG,1997,8195
UG,1996,6349
UG,1995,6851
UG,1994,6548
UG,1993,5183
UG,1992,6686
UG,1991,5140
UG,1990,3322
UG,1989,3456
UG,1988,2639
UG,1987,1214
UG,1986,949
UG,1985,1613
UG,1984,1969
UG,1983,1650
UG,1982,647
UG,1981,100
UG,1980,400
UG,1979,800
UG,1978,1400
UG,1977,2500
UG,1976,3700
UG,1975,4e3
UG,1974,3200
UG,1973,3900
UG,1972,5e3
UG,1971,4400
UG,1970,3400
UG,1969,3523
UG,1968,4572
UG,1967,3963
UG,1966,2540
UG,1965,3450
UG,1964,3860
UG,1963,2936
UG,1962,5092
UG,1961,7217
UA,2016,940
UA,2015,290
UA,2014,50
UA,2013,100
UA,2012,100
UA,2011,320
UA,2010,310
UA,2009,110
UA,2008,160
UA,2007,160
UA,2006,340
UA,2005,490
UA,2004,1100
UA,2003,1450
UA,2002,1600
UA,2001,2200
UA,2000,3e3
UA,1999,4e3
UA,1998,2500
UA,1997,2790
UA,1996,2460
UA,1995,4100
UA,1994,6e3
UA,1993,7140
UA,1992,8991
AE,2016,290
AE,2015,304
AE,2014,315
AE,2013,339
AE,2012,290
AE,2011,284
AE,2010,464
AE,2009,411
AE,2008,338
AE,2007,330
AE,2006,300
AE,2005,450
AE,2004,608
AE,2003,644
AE,2002,620
AE,2001,634
AE,2000,660
AE,1999,678
AE,1998,535
AE,1997,611
AE,1996,613
AE,1995,553
AE,1994,592
AE,1993,600
AE,1992,614
AE,1991,793
AE,1990,835
AE,1989,707
AE,1988,537
AE,1987,546
AE,1986,600
AE,1985,672
AE,1984,971
AE,1983,2301
AE,1982,1386
AE,1981,2192
AE,1980,1399
AE,1979,1445
AE,1978,1609
AE,1977,1344
AE,1976,1500
AE,1975,1600
AE,1974,1700
AE,1973,1800
AE,1972,2e3
AE,1971,2500
AE,1970,2e3
AE,1969,1800
AE,1968,1500
AE,1967,1e3
AE,1966,1e3
TZ,2016,102473
TZ,2015,98474
TZ,2014,76910
TZ,2013,86359
TZ,2012,12e4
TZ,2011,13e4
TZ,2010,60900
TZ,2009,58700
TZ,2008,50800
TZ,2007,50600
TZ,2006,52e3
TZ,2005,47e3
TZ,2004,34e3
TZ,2003,28e3
TZ,2002,27423
TZ,2001,24522
TZ,2000,26384
TZ,1999,37930
TZ,1998,50328
TZ,1997,35380
TZ,1996,28598
TZ,1995,22630
TZ,1994,25791
TZ,1993,24108
TZ,1992,23324
TZ,1991,23322
TZ,1990,16459
TZ,1989,11808
TZ,1988,11554
TZ,1987,12921
TZ,1986,16466
TZ,1985,12552
TZ,1984,13434
TZ,1983,11019
TZ,1982,13620
TZ,1981,17200
TZ,1980,16771
TZ,1979,17193
TZ,1978,17053
TZ,1977,18318
TZ,1976,18841
TZ,1975,14157
TZ,1974,18150
TZ,1973,13024
TZ,1972,13069
TZ,1971,14154
TZ,1970,11971
TZ,1969,11044
TZ,1968,11662
TZ,1967,7753
TZ,1966,5103
TZ,1965,5172
TZ,1964,3389
TZ,1963,2219
TZ,1962,1770
TZ,1961,2701
US,2016,285181
US,2015,326209
US,2014,397533
US,2013,328208
US,2012,345957
US,2011,271361
US,2010,325764
US,2009,373115
US,2008,363101
US,2007,357272
US,2006,330167
US,2005,292572
US,2004,400010
US,2003,364033
US,2002,395132
US,2001,449641
US,2000,477750
US,1999,586352
US,1998,671264
US,1997,810746
US,1996,688869
US,1995,576018
US,1994,717986
US,1993,731785
US,1992,780933
US,1991,754942
US,1990,737710
US,1989,620150
US,1988,621200
US,1987,539260
US,1986,528e3
US,1985,685660
US,1984,783790
US,1983,648170
US,1982,904680
US,1981,936030
US,1980,810200
US,1979,692427
US,1978,918438
US,1977,868230
US,1976,969174
US,1975,989871
US,1974,904500
US,1973,792e3
US,1972,793371
US,1971,773322
US,1970,864752
US,1969,817950
US,1968,775803
US,1967,892625
US,1966,855017
US,1965,841200
US,1964,1010600
US,1963,1063100
US,1962,105e4
US,1961,935e3
UY,2016,3203
UY,2015,3165
UY,2014,3150
UY,2013,3100
UY,2012,3200
UY,2011,3162
UY,2010,3161
UY,2009,3115
UY,2008,3091
UY,2007,3063
UY,2006,3034
UY,2005,3e3
UY,2004,2994
UY,2003,3e3
UY,2002,2936
UY,2001,2900
UY,2000,2800
UY,1999,2753
UY,1998,2683
UY,1997,2600
UY,1996,2543
UY,1995,2500
UY,1994,2400
UY,1993,2400
UY,1992,2100
UY,1991,1965
UY,1990,1860
UY,1989,1900
UY,1988,1790
UY,1987,1400
UY,1986,1400
UY,1985,1990
UY,1984,1750
UY,1983,1725
UY,1982,1808
UY,1981,1278
UY,1980,1392
UY,1979,1361
UY,1978,1587
UY,1977,1427
UY,1976,1361
UY,1975,794
UY,1974,1021
UY,1973,528
UY,1972,465
UY,1971,402
UY,1970,411
UY,1969,277
UY,1968,219
UY,1967,164
UY,1966,143
UY,1965,160
UY,1964,162
UY,1963,412
UY,1962,331
UY,1961,211
UZ,2016,3989
UZ,2015,7075
UZ,2014,15214
UZ,2013,15014
UZ,2012,8745
UZ,2011,8791
UZ,2010,10400
UZ,2009,11600
UZ,2008,11300
UZ,2007,12300
UZ,2006,7800
UZ,2005,10200
UZ,2004,15e3
UZ,2003,10900
UZ,2002,11200
UZ,2001,23200
UZ,2000,24400
UZ,1999,24900
UZ,1998,33800
UZ,1997,30600
UZ,1996,11600
UZ,1995,17400
UZ,1994,11100
UZ,1993,8500
UZ,1992,8800
VE,2016,1406
VE,2015,3627
VE,2014,5047
VE,2013,4386
VE,2012,3892
VE,2011,3927
VE,2010,4371
VE,2009,4762
VE,2008,5e3
VE,2007,5082
VE,2006,5035
VE,2005,3714
VE,2004,3677
VE,2003,7239
VE,2002,6504
VE,2001,6464
VE,2000,8755
VE,1999,10034
VE,1998,12334
VE,1997,13866
VE,1996,14412
VE,1995,14751
VE,1994,15577
VE,1993,16631
VE,1992,14263
VE,1991,14e3
VE,1990,14550
VE,1989,14908
VE,1988,15301
VE,1987,16247
VE,1986,16715
VE,1985,15457
VE,1984,14807
VE,1983,14969
VE,1982,16270
VE,1981,16637
VE,1980,13131
VE,1979,21675
VE,1978,15486
VE,1977,15294
VE,1976,15299
VE,1975,15771
VE,1974,14347
VE,1973,13433
VE,1972,12537
VE,1971,13755
VE,1970,11912
VE,1969,9501
VE,1968,11425
VE,1967,9737
VE,1966,9749
VE,1965,9046
VE,1964,8352
VE,1963,8817
VE,1962,8376
VE,1961,10360
VN,2016,29215
VN,2015,37767
VN,2014,49246
VN,2013,50604
VN,2012,47407
VN,2011,49395
VN,2010,56530
VN,2009,40062
VN,2008,28800
VN,2007,31900
VN,2006,41900
VN,2005,25900
VN,2004,23400
VN,2003,31800
VN,2002,33200
VN,2001,32e3
VN,2000,27100
VN,1999,35600
VN,1998,33426
VN,1997,27200
VN,1996,23500
VN,1995,27700
VN,1994,21700
VN,1993,20300
VN,1992,27300
VN,1991,36200
VN,1990,21827
VN,1989,23900
VN,1988,35560
VN,1987,33430
VN,1986,33400
VN,1985,38400
VN,1984,32970
VN,1983,24850
VN,1982,21200
VN,1981,20310
VN,1980,25530
VN,1979,15290
VN,1978,25160
VN,1977,17400
VN,1976,15570
VN,1975,11400
VN,1974,15e3
VN,1973,14e3
VN,1972,12400
VN,1971,15e3
VN,1970,14500
VN,1969,11800
VN,1968,11600
VN,1967,11900
VN,1966,11900
VN,1965,13200
VN,1964,11800
VN,1963,11e3
VN,1962,12e3
VN,1961,13800
YE,2016,24629
YE,2015,23393
YE,2014,23090
YE,2013,23089
YE,2012,23251
YE,2011,22138
YE,2010,23178
YE,2009,22577
YE,2008,22054
YE,2007,21412
YE,2006,20200
YE,2005,17694
YE,2004,17001
YE,2003,11861
YE,2002,11767
YE,2001,12122
YE,2000,11613
YE,1999,11081
YE,1998,11469
YE,1997,10229
YE,1996,8574
YE,1995,8069
YE,1994,7170
YE,1993,8221
YE,1992,8749
YE,1991,6975
YE,1990,6779
YE,1989,4396
YE,1988,6449
YE,1987,5312
YE,1986,5140
YE,1985,5104
YE,1984,4975
YE,1983,6397
YE,1982,7502
YE,1981,7075
YE,1980,7616
YE,1979,7134
YE,1978,5233
YE,1977,7714
YE,1976,7159
YE,1975,6270
YE,1974,6372
YE,1973,6422
YE,1972,6372
YE,1971,4372
YE,1970,3422
YE,1969,3422
YE,1968,3372
YE,1967,3372
YE,1966,3372
YE,1965,3260
YE,1964,3200
YE,1963,3200
YE,1962,3150
YE,1961,3150
ZM,2016,124642
ZM,2015,118551
ZM,2014,112459
ZM,2013,106368
ZM,2012,102897
ZM,2011,96212
ZM,2010,92419
ZM,2009,92093
ZM,2008,94756
ZM,2007,34547
ZM,2006,48e3
ZM,2005,58211
ZM,2004,37311
ZM,2003,20035
ZM,2002,13982
ZM,2001,11616
ZM,2000,9533
ZM,1999,8599
ZM,1998,3053
ZM,1997,3026
ZM,1996,3842
ZM,1995,3800
ZM,1994,6098
ZM,1993,6652
ZM,1992,2308
ZM,1991,5500
ZM,1990,4400
ZM,1989,3600
ZM,1988,4350
ZM,1987,3551
ZM,1986,3899
ZM,1985,2673
ZM,1984,3121
ZM,1983,2874
ZM,1982,2573
ZM,1981,2984
ZM,1980,4681
ZM,1979,4971
ZM,1978,3964
ZM,1977,5900
ZM,1976,6474
ZM,1975,6978
ZM,1974,6631
ZM,1973,6693
ZM,1972,5917
ZM,1971,6297
ZM,1970,5050
ZM,1969,5338
ZM,1968,6679
ZM,1967,5353
ZM,1966,7367
ZM,1965,9119
ZM,1964,11784
ZM,1963,8020
ZM,1962,7941
ZM,1961,7273
ZW,2016,172266
ZW,2015,171083
ZW,2014,184003
ZW,2013,147068
ZW,2012,139179
ZW,2011,125056
ZW,2010,109737
ZW,2009,124226
ZW,2008,109559
ZW,2007,104303
ZW,2006,44451
ZW,2005,83230
ZW,2004,78312
ZW,2003,93514
ZW,2002,113635
ZW,2001,159853
ZW,2000,190242
ZW,1999,175282
ZW,1998,197222
ZW,1997,171191
ZW,1996,177884
ZW,1995,178652
ZW,1994,177039
ZW,1993,204790
ZW,1992,211394
ZW,1991,178595
ZW,1990,130394
ZW,1989,130361
ZW,1988,114736
ZW,1987,121320
ZW,1986,116456
ZW,1985,107957
ZW,1984,124872
ZW,1983,98956
ZW,1982,90602
ZW,1981,71812
ZW,1980,125038
ZW,1979,114464
ZW,1978,85117
ZW,1977,85072
ZW,1976,112715
ZW,1975,86695
ZW,1974,75418
ZW,1973,73818
ZW,1972,66224
ZW,1971,65181
ZW,1970,54518
ZW,1969,112107
ZW,1968,54077
ZW,1967,84312
ZW,1966,112871
ZW,1965,113936
ZW,1964,148038
ZW,1963,82523
ZW,1962,97944
ZW,1961,99890
